,Graph,Collection,Nodes,Edges,Density,Maximum degree,Minimum degree,Average degree,Assortativity,Total triangles,Average triangles,Maximum triangles,Avg. clustering coef.,Frac. closed triangles,Maximum k-core,Max. clique (lb)
0,web-BerkStan-dir,Web Graphs,0.011571612,0.044446411,5.41E-06,0.045980485,0.010204082,0.016329705,0.112914446,0.002956118,0.000448171,0.008849955,0.142961365,0.011440238,0.018329163,0.013986014
1,web-BerkStan,Web Graphs,0.011571612,0.044446411,5.41E-06,0.045980485,0.010204082,0.016329705,0.112914446,0.002956118,0.000448171,0.008849955,0.142961365,0.011440238,0.018329163,0.013986014
2,web-EPA,Web Graphs,7.21E-05,5.24E-05,0.000164424,9.55E-05,0.010204082,0.002332815,0.092924902,2.88E-08,7.01E-07,9.07E-07,0.01571056,0.012844535,0.000380724,0.003108003
3,web-Stanford,Web Graphs,0.004760521,0.01352289,9.72E-06,0.021070616,0.010204082,0.011664075,0.125590183,0.000447044,0.000164743,0.003365328,0.130581137,0.012254968,0.004731861,0.013209013
4,web-arabic-2005,Web Graphs,0.002762673,0.010217573,2.18E-05,0.000601145,0.010204082,0.0155521,0.164284479,0.000596267,0.000378635,5.18E-05,0.143617076,0.947855243,0.005547699,0.079254079
5,web-baidu-baike-related,Web Graphs,0.007018703,0.019206163,6.35E-06,0.069328032,0.010204082,0.01088647,0.251535593,0.000709252,0.000177279,0.003356254,0.051450347,0.001193438,0.013923638,0.051282051
6,web-baidu-baike,Web Graphs,0.036142047,0.103992601,1.29E-06,0.053432062,0.010204082,0.011664075,0.098469993,0.00084773,4.11E-05,0.011821313,0.028612896,0.002923247,0.004514304,0.023310023
7,web-edu,Web Graphs,5.11E-05,3.78E-05,0.000235788,5.67E-05,0.010204082,0.002332815,0.114178465,2.77E-07,9.49E-06,4.61E-06,0.125107049,0.27219203,0.001631676,0.012432012
8,web-frwikinews-user-edits,Web Graphs,0.00042284,0.001132161,0.000103269,0.017787776,0.010204082,0.01088647,0.10072854,2.92E-05,0.000121309,0.002783993,0.065773537,0.001957084,0.986348308,0.020979021
9,web-google-dir,Web Graphs,0.01478835,0.029853001,2.22E-06,0.003465583,0.010204082,0.00777605,0.133029245,0.000638589,7.58E-05,0.000424205,0.133366522,0.089494927,0.003535299,0.013209013
10,web-google,Web Graphs,2.19E-05,1.62E-05,0.000550116,3.22E-05,0.010204082,0.002332815,0.132115958,1.39E-07,1.12E-05,1.67E-06,0.077239717,0.532112588,0.000979006,0.013986014
11,web-hudong,Web Graphs,0.033346478,0.085858268,1.25E-06,0.033587738,0.010204082,0.010108865,0.106064165,0.001275393,6.71E-05,0.002884784,0.01979628,0.007364744,0.028771892,0.207459207
12,web-indochina-2004,Web Graphs,0.000191755,0.000278353,0.000123441,0.000108555,0.010204082,0.005443235,0.160282798,5.78E-06,5.29E-05,1.30E-05,0.157422704,0.567130498,0.00271946,0.027195027
13,web-it-2004,Web Graphs,0.008601277,0.041977592,9.25E-06,0.000255841,0.010204082,0.020995334,0.295529247,0.009324507,0.001901857,0.000822545,0.180952677,0.948291366,0.023496138,0.335664336
14,web-italycnr-2000,Web Graphs,0.005497718,0.018295906,9.87E-06,0.009970712,0.010204082,0.01399689,0.111329079,0.000880949,0.000281113,0.006343566,0.109318322,0.012073617,0.008811052,0.01010101
15,web-polblogs,Web Graphs,1.08E-05,1.33E-05,0.0018475,9.00E-05,0.010204082,0.00466563,0.106474767,8.27E-08,1.34E-05,3.45E-06,0.051449238,0.160893533,0.00070706,0.006993007
16,web-sk-2005,Web Graphs,0.002050435,0.001955567,7.58E-06,0.000321847,0.010204082,0.00311042,0.15341715,2.73E-05,2.34E-05,3.07E-05,0.051711345,0.473336954,0.004459915,0.041181041
17,web-spam,Web Graphs,8.05E-05,0.000218525,0.000550263,0.000260205,0.010204082,0.01088647,0.140717882,3.55E-06,7.74E-05,5.53E-05,0.063415462,0.145234101,0.001958012,0.010878011
18,web-uk-2005,Web Graphs,0.00218908,0.06867633,0.000233763,0.000463678,0.010204082,0.139968896,0.297367606,0.023054691,0.01847588,0.001094616,0.219168176,1,0.027194605,0.388500389
19,web-webbase-2001,Web Graphs,0.000271193,0.000149627,3.32E-05,0.0009159,0.010204082,0.00155521,0.125233134,5.81E-07,3.76E-06,1.20E-05,0.049741774,0.024933356,0.001794844,0.006993007
20,web-wiki-ch-internal,Web Graphs,0.032596937,0.054699807,8.31E-07,0.016093443,0.010204082,0.00622084,0.13338477,0.000642227,3.46E-05,0.005286682,0.024669761,0.009274235,0.006961819,0.01010101
21,web-wikipedia2009,Web Graphs,0.03148513,0.026357656,4.25E-07,0.001431401,0.010204082,0.002332815,0.148391117,6.10E-05,3.40E-06,0.000109276,0.035380221,0.048482921,0.003644077,0.008547009
31,socfb-A-anon,Facebook Networks,0.052302606,0.138401176,8.16E-07,0.002681149,0.010204082,0.01088647,0.131960627,0.001530028,5.13E-05,0.000442609,0.021510929,0.047712703,0.004079191,0.006993007
32,socfb-American75,Facebook Networks,0.000107791,0.0012728,0.0017856,0.000507318,0.010204082,0.052099533,0.15108511,4.04E-05,0.000656629,0.000153571,0.053259373,0.163591296,0.003100185,0.006993007
33,socfb-Amherst41,Facebook Networks,3.77E-05,0.000531842,0.006093353,0.00025475,0.010204082,0.062208398,0.149891787,2.52E-05,0.001171861,0.000128974,0.068827681,0.233202996,0.003480909,0.007770008
34,socfb-Auburn71,Facebook Networks,0.000311486,0.005695202,0.000957281,0.002814798,0.010204082,0.080870918,0.140874783,0.000278174,0.00156648,0.001753054,0.049395181,0.1367487,0.005221364,0.01010101
35,socfb-B-anon,Facebook Networks,0.049608192,0.122568135,8.04E-07,0.002376213,0.010204082,0.010108865,0.123097784,0.001430543,5.06E-05,0.000324735,0.020221172,0.048342981,0.003480909,0.009324009
36,socfb-BC17,Facebook Networks,0.000194305,0.00284763,0.001229858,0.000751158,0.010204082,0.064541213,0.152658173,9.67E-05,0.000873315,0.000244566,0.046516439,0.144334847,0.003807245,0.009324009
37,socfb-BU10,Facebook Networks,0.000332629,0.003728075,0.000549512,0.000992271,0.010204082,0.048989114,0.147839154,8.46E-05,0.000446325,0.000198183,0.042232477,0.120868206,0.00277385,0.009324009
38,socfb-Baylor93,Facebook Networks,0.000216157,0.003975371,0.00138738,0.001150467,0.010204082,0.081648523,0.153081911,0.000191848,0.001556693,0.000360009,0.046602921,0.155427986,0.005275753,0.008547009
39,socfb-Berkeley13,Facebook Networks,0.000386668,0.004984706,0.000543739,0.001873259,0.010204082,0.056765163,0.142329341,0.000147746,0.000670253,0.000612372,0.045917718,0.11385222,0.003535299,0.011655012
40,socfb-Bingham82,Facebook Networks,0.00016889,0.002122081,0.001213021,0.000301663,0.010204082,0.055209953,0.162295581,6.57E-05,0.000682315,0.000155509,0.049425338,0.159870243,0.003154574,0.007770008
41,socfb-Bowdoin47,Facebook Networks,3.80E-05,0.00049344,0.005568356,0.000365487,0.010204082,0.056765163,0.149542343,1.95E-05,0.000901818,0.000197434,0.064023053,0.21639724,0.003208963,0.006993007
42,socfb-Brandeis99,Facebook Networks,6.58E-05,0.000804424,0.003029253,0.001075733,0.010204082,0.053654743,0.136701029,2.80E-05,0.000747164,0.000547788,0.058120991,0.164114444,0.003100185,0.006993007
43,socfb-Brown11,Facebook Networks,0.00014518,0.00224858,0.001739289,0.000586416,0.010204082,0.068429238,0.151614084,8.12E-05,0.000981406,0.000158328,0.048204168,0.145009038,0.003861634,0.007770008
44,socfb-Bucknell39,Facebook Networks,6.46E-05,0.000928963,0.003631152,0.000276025,0.010204082,0.063763608,0.155561174,3.65E-05,0.000991613,8.91E-05,0.061748133,0.201868129,0.003263353,0.006993007
45,socfb-CMU,Facebook Networks,0.00011176,0.001461665,0.001907576,0.000458223,0.010204082,0.057542768,0.15995328,6.36E-05,0.000997312,0.000212006,0.061817319,0.185308442,0.003807245,0.011655012
46,socfb-Cal65,Facebook Networks,0.00018988,0.002054622,0.000929194,0.000226384,0.010204082,0.047433904,0.170820011,5.83E-05,0.000538897,7.26E-05,0.050443386,0.161964836,0.003480909,0.014763015
47,socfb-Caltech36,Facebook Networks,1.29E-05,9.74E-05,0.009433616,0.000135285,0.010204082,0.032659409,0.130453578,3.29E-06,0.00044443,3.48E-05,0.090760398,0.291365456,0.001958012,0.009324009
48,socfb-Carnegie49,Facebook Networks,0.00011203,0.001461712,0.001898444,0.000458223,0.010204082,0.057542768,0.159960979,6.36E-05,0.000994907,0.000212006,0.061668304,0.185308442,0.003807245,0.011655012
49,socfb-Colgate88,Facebook Networks,5.88E-05,0.000906619,0.004278726,0.000421674,0.010204082,0.068429238,0.151238854,3.91E-05,0.001166746,0.000136057,0.059263883,0.206716501,0.003589688,0.009324009
50,socfb-Columbia2,Facebook Networks,0.000198712,0.002598317,0.001072962,0.001841074,0.010204082,0.057542768,0.140368184,9.04E-05,0.000798106,0.001025768,0.051073596,0.129534658,0.003644077,0.007770008
51,socfb-Cornell5,Facebook Networks,0.000315066,0.004624238,0.000759705,0.001721609,0.010204082,0.064541213,0.1435468,0.000168192,0.000936376,0.000680409,0.048574267,0.13565339,0.004623083,0.01010101
52,socfb-Dartmouth6,Facebook Networks,0.00012988,0.001778128,0.001718416,0.000517137,0.010204082,0.060653188,0.147684954,6.27E-05,0.000846207,0.000154346,0.053898674,0.151079756,0.003644077,0.008547009
53,socfb-Duke14,Facebook Networks,0.00016688,0.002961486,0.001733837,0.001029365,0.010204082,0.078538103,0.151184657,0.000141499,0.001487083,0.000369849,0.054448611,0.16596997,0.004677472,0.006993007
54,socfb-Emory27,Facebook Networks,0.000125928,0.001929807,0.001983842,0.000597326,0.010204082,0.067651633,0.151133084,8.68E-05,0.001208076,0.000225722,0.056734396,0.188871451,0.004024801,0.007770008
55,socfb-FSU53,Facebook Networks,0.000468352,0.006051237,0.000449927,0.001393761,0.010204082,0.056765163,0.156323954,0.000216233,0.00080988,0.000246231,0.04813964,0.153361401,0.004459915,0.018648019
56,socfb-GWU54,Facebook Networks,0.000205856,0.002745651,0.001056497,0.001092098,0.010204082,0.059097978,0.144684056,8.84E-05,0.000753445,0.000275541,0.048179776,0.138738263,0.00342652,0.006993007
57,socfb-Georgetown15,Facebook Networks,0.000158926,0.002488993,0.001606688,0.000673697,0.010204082,0.069206843,0.152561863,9.23E-05,0.001018618,0.000257111,0.049884136,0.14858705,0.004024801,0.007770008
58,socfb-Hamilton46,Facebook Networks,3.90E-05,0.000563654,0.006024296,0.000328393,0.010204082,0.063763608,0.145517894,2.51E-05,0.00112798,0.000163922,0.066094629,0.219270053,0.003480909,0.011655012
59,socfb-Harvard1,Facebook Networks,0.000255386,0.004822126,0.001205662,0.000645331,0.010204082,0.083981337,0.16350413,0.000227907,0.001565282,0.000321449,0.047084781,0.13565439,0.005656478,0.006993007
60,socfb-Haverford76,Facebook Networks,2.44E-05,0.000348427,0.009539486,0.000204564,0.010204082,0.062986003,0.15131604,1.73E-05,0.001241158,0.000112447,0.071615506,0.250616925,0.003480909,0.013209013
61,socfb-Howard90,Facebook Networks,6.83E-05,0.001197878,0.004184765,0.000662787,0.010204082,0.077760498,0.149806005,5.99E-05,0.001538141,0.000455682,0.050645178,0.173128996,0.004459915,0.006993007
62,socfb-Indiana,Facebook Networks,0.000502042,0.007635717,0.000494102,0.000740794,0.010204082,0.066874028,0.161598045,0.000258399,0.000902868,0.000328532,0.045385299,0.135044218,0.004187969,0.008547009
63,socfb-Indiana69,Facebook Networks,0.000502295,0.007635764,0.000493607,0.000740794,0.010204082,0.066874028,0.161599459,0.000258399,0.000902412,0.000328532,0.045362459,0.135044218,0.004187969,0.008547009
64,socfb-JMU79,Facebook Networks,0.000237553,0.002839426,0.000820504,0.001785978,0.010204082,0.052877138,0.141174249,7.50E-05,0.000553742,0.000561434,0.044747994,0.130727996,0.003317742,0.006993007
65,socfb-JohnsHopkins55,Facebook Networks,8.74E-05,0.001091075,0.00232647,0.000483316,0.010204082,0.055209953,0.153250866,4.53E-05,0.000909292,0.000144338,0.05951579,0.19321568,0.003535299,0.006993007
66,socfb-Lehigh96,Facebook Networks,8.57E-05,0.00115985,0.002576525,0.000530775,0.010204082,0.059875583,0.146232841,4.46E-05,0.000913524,0.000236735,0.059084267,0.189796712,0.00342652,0.007770008
67,socfb-MIT,Facebook Networks,0.000108062,0.001469097,0.002050691,0.000386216,0.010204082,0.059875583,0.159550692,6.52E-05,0.001058456,0.000244804,0.060395467,0.180339036,0.003970412,0.006993007
68,socfb-MIT8,Facebook Networks,0.000108703,0.001469226,0.002026741,0.000386216,0.010204082,0.059875583,0.159575048,6.52E-05,0.00105221,0.000244804,0.060142451,0.180339036,0.003970412,0.006993007
69,socfb-MSU24,Facebook Networks,0.000546675,0.006542285,0.000357043,0.002873167,0.010204082,0.052877138,0.142132157,0.000177506,0.00056959,0.000467681,0.045270655,0.122094553,0.004514304,0.008547009
70,socfb-MU78,Facebook Networks,0.000260621,0.003797786,0.00091179,0.000356214,0.010204082,0.064541213,0.165610567,0.000127903,0.000860802,0.000119742,0.047500338,0.151795958,0.003861634,0.008547009
71,socfb-Maine59,Facebook Networks,0.0001531,0.001422415,0.000989393,0.000551504,0.010204082,0.040435459,0.152205976,3.16E-05,0.00036226,7.10E-05,0.052974647,0.145374141,0.002447514,0.008547009
72,socfb-Maryland58,Facebook Networks,0.000352404,0.004355738,0.000572004,0.002064185,0.010204082,0.054432348,0.140933963,0.000128153,0.000637885,0.000429209,0.046011296,0.129359609,0.003589688,0.006993007
73,socfb-Mich67,Facebook Networks,6.32E-05,0.000478914,0.001950793,0.000228566,0.010204082,0.032659409,0.162982746,1.29E-05,0.000356753,6.65E-05,0.062441763,0.193864864,0.002501904,0.010878011
74,socfb-Michigan23,Facebook Networks,0.00050905,0.006879947,0.000433023,0.001107917,0.010204082,0.059875583,0.158781658,0.000227026,0.000782328,0.000386632,0.046530853,0.132646539,0.00484064,0.008547009
75,socfb-Middlebury45,Facebook Networks,5.19E-05,0.000728654,0.004409599,0.000258023,0.010204082,0.062208398,0.153043145,3.08E-05,0.001040416,0.000112941,0.062450855,0.210901685,0.00342652,0.01010101
76,socfb-Mississippi66,Facebook Networks,0.00017762,0.003572425,0.001846279,0.000922446,0.010204082,0.089424572,0.164386933,0.000227105,0.002242474,0.000531102,0.054975042,0.182218568,0.006363537,0.007770008
77,socfb-NYU9,Facebook Networks,0.000366048,0.004185294,0.000509412,0.00126284,0.010204082,0.050544323,0.142383019,9.96E-05,0.000477309,0.00034712,0.043027889,0.107657467,0.002991407,0.01010101
78,socfb-Northeastern19,Facebook Networks,0.000234378,0.002233423,0.000662988,0.000528047,0.010204082,0.041990669,0.151422658,4.61E-05,0.000345253,0.000190211,0.044604522,0.12823229,0.002393125,0.008547009
79,socfb-Northwestern25,Facebook Networks,0.000178397,0.002855642,0.001463021,0.001148285,0.010204082,0.070762053,0.146122498,0.000121076,0.001190324,0.000411819,0.052774187,0.160304366,0.004187969,0.016317016
80,socfb-NotreDame57,Facebook Networks,0.000205214,0.003165585,0.00122571,0.000733157,0.010204082,0.068429238,0.14820802,9.70E-05,0.000829063,0.000193919,0.046304669,0.126468791,0.003861634,0.009324009
81,socfb-OR,Facebook Networks,0.001070467,0.004776911,6.80E-05,0.000598963,0.010204082,0.018662519,0.168484781,9.63E-05,0.00015789,0.000171499,0.049185406,0.147761817,0.002882628,0.007770008
82,socfb-Oberlin44,Facebook Networks,4.93E-05,0.000525749,0.003528544,0.000260751,0.010204082,0.046656299,0.148579966,1.53E-05,0.000543989,9.37E-05,0.058408155,0.173871206,0.00271946,0.008547009
83,socfb-Oklahoma97,Facebook Networks,0.00029421,0.005219253,0.000983316,0.001400853,0.010204082,0.078538103,0.152287342,0.000282683,0.001685328,0.000464016,0.050954961,0.158722919,0.005874035,0.011655012
84,socfb-Penn94,Facebook Networks,0.000701379,0.007965899,0.000264112,0.00240567,0.010204082,0.049766719,0.140501728,0.000198325,0.000496033,0.000599915,0.04697435,0.098242803,0.00342652,0.013209013
85,socfb-Pepperdine86,Facebook Networks,5.81E-05,0.000888865,0.00428555,0.000367669,0.010204082,0.067651633,0.149433116,4.37E-05,0.001317584,0.000210808,0.061523059,0.206481434,0.003916023,0.007770008
86,socfb-Princeton12,Facebook Networks,0.000111338,0.00171523,0.002255489,0.000342576,0.010204082,0.067651633,0.1550245,6.94E-05,0.001092309,0.000141924,0.052532702,0.163931393,0.004187969,0.007770008
87,socfb-Reed98,Facebook Networks,1.62E-05,0.000109973,0.006806624,0.000170743,0.010204082,0.029548989,0.144392816,2.67E-06,0.00028863,3.74E-05,0.070595905,0.220768477,0.001903622,0.007770008
88,socfb-Rice31,Facebook Networks,6.90E-05,0.001080794,0.0037022,0.000316938,0.010204082,0.069206843,0.150902704,5.24E-05,0.00133211,0.000162478,0.065235796,0.203240517,0.003970412,0.01010101
89,socfb-Rochester38,Facebook Networks,7.70E-05,0.000943817,0.002593601,0.000667696,0.010204082,0.053654743,0.144631964,3.56E-05,0.000810036,0.000212587,0.065021144,0.198524182,0.003100185,0.006993007
90,socfb-Rutgers89,Facebook Networks,0.000415038,0.004588128,0.000434401,0.000895717,0.010204082,0.048211509,0.152607621,0.000122854,0.000519237,0.000187559,0.04905014,0.138633233,0.003100185,0.006993007
91,socfb-Santa74,Facebook Networks,6.04E-05,0.000887345,0.003966019,0.000615873,0.010204082,0.064541213,0.151809689,4.00E-05,0.00116035,0.000279611,0.058312581,0.202294249,0.003752855,0.006993007
92,socfb-Simmons81,Facebook Networks,2.56E-05,0.000192871,0.004791748,0.000163651,0.010204082,0.032659409,0.130973076,4.64E-06,0.00031741,4.58E-05,0.069837081,0.212458126,0.001903622,0.007770008
93,socfb-Smith60,Facebook Networks,5.01E-05,0.000567975,0.003684638,0.000190381,0.010204082,0.049766719,0.147564382,1.75E-05,0.000611425,6.05E-05,0.062854659,0.193177669,0.002665071,0.006993007
94,socfb-Stanford3,Facebook Networks,0.000195605,0.003323299,0.001416276,0.00063933,0.010204082,0.075427683,0.156730848,0.000160576,0.001439808,0.00029228,0.053583126,0.157480567,0.005003807,0.007770008
95,socfb-Swarthmore42,Facebook Networks,2.80E-05,0.000356971,0.00742421,0.000314755,0.010204082,0.055987558,0.150290713,1.52E-05,0.000952342,0.000173807,0.065757128,0.226771176,0.003317742,0.008547009
96,socfb-Syracuse56,Facebook Networks,0.000230511,0.00318104,0.00097623,0.000730975,0.010204082,0.060653188,0.150853535,0.000120238,0.000914894,0.000164812,0.0522686,0.170594278,0.00413358,0.01010101
97,socfb-Temple83,Facebook Networks,0.000231068,0.002109807,0.000644361,0.000760432,0.010204082,0.039657854,0.145469244,5.13E-05,0.000389333,0.000149703,0.047288346,0.126883908,0.003372131,0.007770008
98,socfb-Tennessee95,Facebook Networks,0.000286678,0.004506593,0.000894242,0.002696424,0.010204082,0.069206843,0.140792609,0.000197785,0.001210149,0.001373452,0.052143312,0.138699252,0.00478625,0.006993007
99,socfb-Texas80,Facebook Networks,0.000532912,0.007132184,0.000409601,0.000979724,0.010204082,0.059097978,0.166464142,0.000264773,0.000871556,0.000304983,0.048037192,0.153133337,0.004296748,0.009324009
100,socfb-Texas84,Facebook Networks,0.000614038,0.009301708,0.000402374,0.003443218,0.010204082,0.066874028,0.140473999,0.000307581,0.000878712,0.00124261,0.042958704,0.099918277,0.004459915,0.006993007
101,socfb-Trinity100,Facebook Networks,4.41E-05,0.000654891,0.005488896,0.000220383,0.010204082,0.065318818,0.152009585,3.01E-05,0.001195166,0.000106668,0.064379181,0.22802253,0.003698466,0.008547009
102,socfb-Tufts18,Facebook Networks,0.00011279,0.001460314,0.001871165,0.000451131,0.010204082,0.056765163,0.159257629,4.99E-05,0.000775372,0.000168142,0.050799293,0.162164893,0.003535299,0.006993007
103,socfb-Tulane29,Facebook Networks,0.000130859,0.001660249,0.001580574,0.000648058,0.010204082,0.055987558,0.156047234,6.69E-05,0.000896891,0.000161271,0.056529057,0.190251841,0.003752855,0.012432012
104,socfb-UC33,Facebook Networks,0.000283791,0.003053355,0.000618267,0.000771887,0.010204082,0.047433904,0.155470348,8.87E-05,0.000548197,0.000199857,0.05068864,0.149240235,0.003208963,0.011655012
105,socfb-UC61,Facebook Networks,0.000232082,0.002585692,0.000782822,0.000374761,0.010204082,0.048989114,0.171649701,9.66E-05,0.000730009,0.000199628,0.0581425,0.17752624,0.003752855,0.013986014
106,socfb-UC64,Facebook Networks,0.00011534,0.000908309,0.001112997,0.000360032,0.010204082,0.034214619,0.160429723,2.58E-05,0.000392189,7.44E-05,0.059929351,0.19070697,0.002828239,0.01010101
107,socfb-UCF52,Facebook Networks,0.000252245,0.002508589,0.00064293,0.002599324,0.010204082,0.043545879,0.139499418,9.22E-05,0.000641031,0.00081955,0.051578961,0.1565383,0.004623083,0.010878011
108,socfb-UCLA,Facebook Networks,0.000345345,0.004371773,0.000597817,0.000643694,0.010204082,0.055987558,0.162088473,0.000140692,0.000714611,0.00015447,0.047659775,0.143175519,0.003589688,0.006993007
109,socfb-UCLA26,Facebook Networks,0.000345581,0.004371825,0.000597006,0.000643694,0.010204082,0.055987558,0.162091773,0.000140692,0.000714122,0.00015447,0.047652458,0.143175519,0.003589688,0.006993007
110,socfb-UCSB37,Facebook Networks,0.000251857,0.002819842,0.000724932,0.000441858,0.010204082,0.048989114,0.16947648,8.47E-05,0.000589563,0.000142189,0.049004238,0.157071451,0.003589688,0.009324009
111,socfb-UCSC68,Facebook Networks,0.000151783,0.001313278,0.0009294,0.000247659,0.010204082,0.037325039,0.161512247,3.15E-05,0.000363723,6.42E-05,0.052549999,0.172251747,0.002393125,0.009324009
112,socfb-UCSD34,Facebook Networks,0.00025238,0.002591814,0.00066355,0.001181015,0.010204082,0.045101089,0.146109,7.33E-05,0.00050965,0.000228709,0.050279071,0.150315539,0.003100185,0.009324009
113,socfb-UChicago30,Facebook Networks,0.000111253,0.001216901,0.001602636,0.000885898,0.010204082,0.048211509,0.143539257,3.75E-05,0.000590338,0.000295258,0.05584851,0.154599752,0.002991407,0.006993007
114,socfb-UConn,Facebook Networks,0.000290512,0.003537081,0.000683464,0.000932265,0.010204082,0.053654743,0.154635253,9.40E-05,0.000567746,0.000189541,0.044780147,0.132393467,0.003589688,0.006993007
115,socfb-UConn91,Facebook Networks,0.000290613,0.003537099,0.000682991,0.000932265,0.010204082,0.053654743,0.15463618,9.40E-05,0.000567548,0.000189541,0.044764625,0.132393467,0.003589688,0.006993007
116,socfb-UF,Facebook Networks,0.000592878,0.008570756,0.000397689,0.004498221,0.010204082,0.063763608,0.139194309,0.000334223,0.000988897,0.001401511,0.049040604,0.120545114,0.004568694,0.01010101
117,socfb-UF21,Facebook Networks,0.000593081,0.008570791,0.000397419,0.004498221,0.010204082,0.063763608,0.139194406,0.000334223,0.000988559,0.001401511,0.049023751,0.120545114,0.004568694,0.01010101
118,socfb-UGA50,Facebook Networks,0.000411813,0.006865567,0.00066025,0.001596143,0.010204082,0.073872473,0.154794937,0.000277569,0.001182321,0.000364044,0.046729762,0.144386861,0.004731861,0.009324009
119,socfb-UIllinois,Facebook Networks,0.000519993,0.007393994,0.000445998,0.002526772,0.010204082,0.062986003,0.145086785,0.000257294,0.000867974,0.000583009,0.047635827,0.140540773,0.004677472,0.006993007
120,socfb-UIllinois20,Facebook Networks,0.000520229,0.007394035,0.000445595,0.002526772,0.010204082,0.062986003,0.145087209,0.000257294,0.00086758,0.000583009,0.047614317,0.140540773,0.004677472,0.006993007
121,socfb-UMass92,Facebook Networks,0.000278859,0.003037203,0.000636935,0.002009635,0.010204082,0.047433904,0.140494614,7.29E-05,0.000458617,0.000556739,0.046361881,0.123273887,0.002937017,0.007770008
122,socfb-UNC28,Facebook Networks,0.000306673,0.004484026,0.000777537,0.002070186,0.010204082,0.064541213,0.140721186,0.000149271,0.000853781,0.000829787,0.044812079,0.115625722,0.004514304,0.008547009
123,socfb-UPenn7,Facebook Networks,0.00025184,0.004014457,0.001032185,0.000873897,0.010204082,0.070762053,0.155252225,0.000150453,0.001047867,0.000254971,0.047381924,0.142978463,0.004242358,0.007770008
124,socfb-USC35,Facebook Networks,0.000294531,0.004689008,0.000881493,0.0024324,0.010204082,0.069984448,0.141575673,0.000197058,0.001173561,0.000937538,0.047539144,0.144162798,0.004731861,0.006993007
125,socfb-USF51,Facebook Networks,0.00022585,0.001878347,0.00060048,0.000489317,0.010204082,0.036547434,0.163719253,5.04E-05,0.000391151,0.000140303,0.051523081,0.15254517,0.003263353,0.007770008
126,socfb-USFCA72,Facebook Networks,4.52E-05,0.000381543,0.003035508,0.000220929,0.010204082,0.036547434,0.155150635,1.02E-05,0.000396162,6.56E-05,0.059207559,0.190731977,0.002393125,0.007770008
127,socfb-UVA16,Facebook Networks,0.000290343,0.004615724,0.000892926,0.001735792,0.010204082,0.069984448,0.144717809,0.000171193,0.001034227,0.000574323,0.04666745,0.134995204,0.004459915,0.006993007
128,socfb-Vanderbilt48,Facebook Networks,0.000136213,0.002501823,0.002198273,0.001113373,0.010204082,0.081648523,0.146655417,0.000130468,0.001679745,0.00053541,0.055407009,0.181784445,0.004731861,0.006993007
129,socfb-Vassar85,Facebook Networks,5.18E-05,0.00069679,0.004236044,0.000262933,0.010204082,0.059097978,0.156546996,2.34E-05,0.000791601,0.000104994,0.054561259,0.176632987,0.003317742,0.007770008
130,socfb-Vermont70,Facebook Networks,0.000123632,0.001118179,0.001192589,0.000471315,0.010204082,0.039657854,0.152842291,2.61E-05,0.000369763,0.000103955,0.050860274,0.15250716,0.002556293,0.010878011
131,socfb-Villanova62,Facebook Networks,0.000131197,0.001841945,0.001744541,0.000645331,0.010204082,0.062208398,0.150338106,6.74E-05,0.0009013,0.000238884,0.052112932,0.165701894,0.003589688,0.006993007
132,socfb-Virginia63,Facebook Networks,0.00036007,0.004082741,0.000513567,0.003930898,0.010204082,0.049766719,0.138184618,0.000123393,0.000601116,0.001350027,0.048639905,0.105139755,0.003861634,0.006993007
133,socfb-Wake73,Facebook Networks,9.07E-05,0.001632607,0.00323671,0.00073152,0.010204082,0.079315708,0.151857679,9.13E-05,0.001765436,0.000433605,0.061165821,0.203964722,0.004677472,0.007770008
134,socfb-WashU32,Facebook Networks,0.00013091,0.002149256,0.00204452,0.000978633,0.010204082,0.072317263,0.1470677,9.77E-05,0.00130921,0.000400868,0.057940265,0.171985672,0.004242358,0.006993007
135,socfb-Wellesley22,Facebook Networks,5.01E-05,0.000554911,0.003599893,0.000406946,0.010204082,0.048211509,0.150807101,1.67E-05,0.00058424,0.000172653,0.05858001,0.172781897,0.002828239,0.007770008
136,socfb-Wesleyan43,Facebook Networks,6.06E-05,0.00080716,0.003577582,0.000299481,0.010204082,0.058320373,0.155651686,3.01E-05,0.000870637,8.51E-05,0.057805886,0.19494617,0.003372131,0.014763015
137,socfb-William77,Facebook Networks,0.000109244,0.001557679,0.002127559,0.000613146,0.010204082,0.062986003,0.148819005,5.91E-05,0.000948873,0.000197109,0.056238566,0.168011547,0.003535299,0.007770008
138,socfb-Williams40,Facebook Networks,4.71E-05,0.00066068,0.004856993,0.000332757,0.010204082,0.061430793,0.147053998,2.76E-05,0.00102627,0.000167896,0.064598047,0.207535733,0.00342652,0.010878011
139,socfb-Wisconsin87,Facebook Networks,0.00040239,0.004888375,0.00049238,0.001900534,0.010204082,0.053654743,0.140153856,0.000133785,0.000583208,0.000412215,0.046644832,0.120168008,0.003317742,0.009324009
140,socfb-Yale4,Facebook Networks,0.000144808,0.002370939,0.001843352,0.001373032,0.010204082,0.072317263,0.143638003,9.85E-05,0.001193254,0.000793121,0.052010706,0.151124768,0.004568694,0.007770008
141,socfb-konect,Facebook Networks,1,0.541046372,0,0.002705697,0.010204082,0.00155521,0.094682649,0.0001755,3.08E-07,6.85E-05,0.009474877,0.001250354,0.000924617,0.004662005
142,socfb-nips-ego,Facebook Networks,4.87E-05,1.74E-05,0.000119586,0.000419492,0.010204082,0.000777605,0.035708545,2.50E-09,9.01E-08,4.58E-07,0.006042075,0.000359482,0.000217557,0.003108003
143,socfb-uci-uni,Facebook Networks,0.992815666,0.539211246,9.78E-11,0.002705697,0.010204082,0.00155521,0.094487484,0.000175424,3.10E-07,6.85E-05,0.009534128,0.001249964,0.000924617,0.004662005
144,socfb-wosn-friends,Facebook Networks,0.001076192,0.007423706,0.000104544,0.000996089,0.010204082,0.029548989,0.166436014,0.000244432,0.000398442,0.000484895,0.046966146,0.151587899,0.004623083,0.007770008
145,soc-BlogCatalog,Social Networks,0.001499269,0.012240464,8.88E-05,0.005151735,0.010204082,0.035769829,0.10430579,0.001408602,0.001648207,0.00708685,0.078351565,0.059905453,0.012074404,0.031080031
146,soc-FourSquare,Social Networks,0.01079115,0.018800427,2.62E-06,0.057942285,0.010204082,0.006998445,0.029192497,0.000595734,9.69E-05,0.017588785,0.023951295,0.001646276,0.003480909,0.023310023
147,soc-LiveMocha,Social Networks,0.001757965,0.012824585,6.77E-05,0.0016256,0.010204082,0.031881804,0.117646818,9.25E-05,9.23E-05,0.000325202,0.012066165,0.014082885,0.005058196,0.01010101
148,soc-Slashdot0811,Social Networks,0.001306348,0.004842851,4.63E-05,0.00275261,0.010204082,0.0155521,0.130287593,5.29E-05,7.10E-05,0.000499705,0.010306745,0.025712377,0.005819645,0.011655012
149,soc-Slashdot0902,Social Networks,0.001387542,0.005088457,4.31E-05,0.002761338,0.010204082,0.0155521,0.130243028,5.55E-05,7.02E-05,0.000509871,0.011972011,0.025524323,0.005819645,0.011655012
150,soc-academia,Social Networks,0.003380257,0.008172915,1.17E-05,0.006216012,0.010204082,0.00933126,0.138129195,7.72E-05,4.01E-05,0.00106039,0.053520814,0.036273765,0.00206679,0.012432012
151,soc-advogato,Social Networks,8.72E-05,0.00027678,0.000593194,0.000516592,0.010204082,0.013219285,0.127600782,4.58E-06,9.21E-05,0.00010066,0.063604613,0.111388523,0.001740455,0.013986014
152,soc-anybeat,Social Networks,0.000213489,0.000392075,0.000140276,0.004748607,0.010204082,0.006998445,0.121557201,8.68E-06,7.13E-05,0.000449128,0.050440947,0.018274072,0.00271946,0.019425019
153,soc-brightkite,Social Networks,0.000958116,0.001245216,2.21E-05,0.000618601,0.010204082,0.00466563,0.142222546,1.36E-05,2.49E-05,0.000101461,0.038446562,0.110541283,0.002882628,0.027972028
154,soc-buzznet,Social Networks,0.001708316,0.016157708,9.03E-05,0.035069871,0.010204082,0.041213064,0.587798348,0.000850769,0.000873672,0.009682235,0.051464761,0.010744941,0.008375938,0.02020202
155,soc-catster,Social Networks,0.002527703,0.031859707,8.13E-05,0.043986125,0.010204082,0.055209953,1,0.005103051,0.003541706,0.032801327,0.085524912,0.010995512,0.022843468,0.041181041
156,soc-delicious,Social Networks,0.009053349,0.007987775,1.58E-06,0.001754339,0.010204082,0.00311042,0.129835569,1.34E-05,2.60E-06,7.06E-05,0.007134675,0.010516976,0.001849233,0.016317016
157,soc-digg,Social Networks,0.013016639,0.034543448,3.32E-06,0.009624317,0.010204082,0.01088647,0.126236618,0.001725507,0.000232559,0.003493712,0.019534616,0.046683511,0.012890243,0.034965035
158,soc-dogster,Social Networks,0.007207706,0.049960579,1.57E-05,0.025367547,0.010204082,0.030326594,0.120879622,0.002297511,0.00055921,0.015187936,0.037900617,0.014273839,0.013542913,0.028749029
159,soc-dolphins,Social Networks,9.96E-07,8.95E-07,0.014062774,6.55E-06,0.010204082,0.00311042,0.133860176,2.61E-09,4.38E-06,1.50E-07,0.057423591,0.308863408,0.000271946,0.003885004
160,soc-douban,Social Networks,0.002615922,0.001913129,4.55E-06,0.000156559,0.010204082,0.002332815,0.112373576,1.12E-06,7.49E-07,3.47E-06,0.003560663,0.010376236,0.000870227,0.008547009
161,soc-epinions,Social Networks,0.000448948,0.000585443,4.74E-05,0.000241658,0.010204082,0.00466563,0.149702247,4.39E-06,1.72E-05,4.54E-05,0.029972437,0.089189641,0.001794844,0.012432012
162,soc-firm-hi-tech,Social Networks,5.07E-07,6.93E-07,0.039437497,1.53E-05,0,0.006368585,0.121853878,4.17E-09,1.31E-05,7.80E-07,0.08980821,0.296083792,0.000435114,0.004662005
163,soc-flickr-und,Social Networks,0.028965921,0.090962092,1.76E-06,0.014857332,0.010204082,0.013219285,0.138305111,0.015096518,0.000914337,0.019111007,0.040757405,0.112195751,0.03094746,0.051282051
164,soc-flickr,Social Networks,0.008679482,0.018656959,4.03E-06,0.002383305,0.010204082,0.008553655,0.16550717,0.001617111,0.000326859,0.004620915,0.037164855,0.154834818,0.016860655,0.041181041
165,soc-flixster,Social Networks,0.042613046,0.046307203,4.07E-07,0.000804072,0.010204082,0.003888025,0.090232811,0.000217292,8.95E-06,0.00013382,0.018491023,0.013654364,0.003752855,0.024087024
166,soc-google-plus,Social Networks,0.003566304,0.008801631,1.13E-05,0.001110645,0.010204082,0.010108865,0.174779736,0.000630386,0.000310098,0.001686496,0.033521968,0.271465825,0.008865441,0.045843046
167,soc-gowalla,Social Networks,0.003319834,0.005557248,8.22E-06,0.008035266,0.010204082,0.00622084,0.136113427,6.25E-05,3.31E-05,0.000826501,0.052493231,0.023489448,0.002828239,0.022533023
168,soc-gplus,Social Networks,0.000398962,0.00022944,1.67E-05,0.00151159,0.010204082,0.001804044,0.140710456,5.83E-07,2.56E-06,4.69E-05,0.048341209,0.004001132,0.00070706,0.009324009
169,soc-hamsterster,Social Networks,4.09E-05,9.72E-05,0.000945543,0.000148922,0.010204082,0.00933126,0.14815893,1.47E-06,6.27E-05,2.36E-05,0.119197225,0.231453501,0.00135973,0.019425019
170,soc-karate,Social Networks,5.24E-07,4.21E-07,0.023253903,9.27E-06,0.010204082,0.002332815,0.065973509,1.24E-09,3.78E-06,1.59E-07,0.126538215,0.255754378,0.000271946,0.003885004
171,soc-lastfm,Social Networks,0.02012628,0.026427917,1.06E-06,0.002809343,0.010204082,0.00466563,0.119354439,0.000108581,9.46E-06,0.000334769,0.016114431,0.013011582,0.003861634,0.010878011
172,soc-livejournal,Social Networks,0.068108616,0.163345773,5.66E-07,0.00144613,0.010204082,0.00933126,0.182956262,0.002298979,5.92E-05,0.000702486,0.056864341,0.139298421,0.011639291,0.067599068
173,soc-loc-brightkite,Social Networks,0.000983261,0.001251838,1.67E-05,0.000618601,0.010204082,0.004937792,0.140710456,1.36E-05,2.43E-05,0.000101461,0.03814077,0.111031422,0.002828239,0.03962704
174,soc-orkut-dir,Social Networks,0.051885085,0.685270062,4.14E-06,0.018172356,0.010204082,0.058320373,0.143195266,0.017268178,0.000583877,0.014682461,0.03694488,0.041277081,0.013814859,0.036519037
175,soc-orkut,Social Networks,0.050613896,0.621904485,3.95E-06,0.014982798,0.010204082,0.053654743,0.143539571,0.014435745,0.000500364,0.011568324,0.037702595,0.042703085,0.012563907,0.031857032
176,soc-pokec,Social Networks,0.027573532,0.13041647,2.79E-06,0.008102908,0.010204082,0.020217729,0.140967628,0.000895829,5.70E-05,0.000258036,0.024254647,0.046834454,0.002610682,0.022533023
177,soc-sign-Slashdot081106,Social Networks,0.001306298,0.003020771,2.89E-05,0.001388852,0,0.00933126,0.131581248,2.79E-05,3.74E-05,0.000290148,0.014040837,0.036476423,0.004623083,0.011655012
178,soc-sign-Slashdot090216,Social Networks,0.001382527,0.003190917,2.72E-05,0.001393761,0,0.00933126,0.131563413,2.85E-05,3.62E-05,0.000293504,0.015937165,0.035389315,0.004677472,0.010878011
179,soc-sign-Slashdot090221,Social Networks,0.001387137,0.003211566,2.72E-05,0.001394852,0,0.00933126,0.131431323,2.90E-05,3.67E-05,0.000295205,0.016025865,0.03551335,0.004677472,0.010878011
180,soc-sign-epinions,Social Networks,0.002226164,0.004916755,1.62E-05,0.001975813,0,0.008553655,0.135014371,0.000256143,0.000201852,0.000948524,0.034634259,0.111104443,0.009790058,0.014763015
181,soc-slashdot-trust-all,Social Networks,0.00133607,0.003014958,2.75E-05,0.001388852,0.010204082,0.00933126,0.131236943,2.75E-05,3.61E-05,0.000290624,0.014847692,0.036224852,0.004623083,0.02020202
182,soc-slashdot,Social Networks,0.001183206,0.002097246,2.44E-05,0.001367577,0.010204082,0.006998445,0.130475514,1.11E-05,1.64E-05,0.000117892,0.012475292,0.025991656,0.002937017,0.017871018
183,soc-themarker,Social Networks,0.001172145,0.00961861,0.000114185,0.004871346,0.010204082,0.035769829,0.117620419,0.000488436,0.000731012,0.003049544,0.041327742,0.045956906,0.00897422,0.016317016
184,soc-tribes,Social Networks,2.20E-07,3.04E-07,0.080837345,5.46E-06,0.030612245,0.00466563,0.148552404,1.87E-09,1.21E-05,1.94E-07,0.119563998,0.527281221,0.000326335,0.003885004
185,soc-twitter-follows-mun,Social Networks,0.007852816,0.004885317,1.28E-06,0.000442403,0.010204082,0.00155521,0.003397955,1.24E-06,2.77E-07,2.58E-05,0.004608979,0.000713216,0.001686065,0.004662005
186,soc-twitter-follows,Social Networks,0.006834548,0.004171282,1.45E-06,0.000341485,0.010204082,0.00155521,0.002998982,8.13E-07,2.09E-07,1.49E-05,0.003203448,0.000597026,0.001577287,0.004662005
187,soc-twitter-higgs,Social Networks,0.0077112,0.086873404,2.38E-05,0.028032331,0.010204082,0.049766719,0.120027461,0.003765894,0.000856763,0.007870677,0.046536397,0.01360405,0.010225171,0.051282051
188,soc-wiki-Talk-dir,Social Networks,0.040434572,0.029363953,2.84E-07,0.0545678,0.010204082,0.002332815,0.09533163,0.000492218,2.14E-05,0.003170052,0.016592056,0.003971024,0.010062004,0.019425019
189,soc-wiki-Vote,Social Networks,1.50E-05,1.70E-05,0.001234716,5.56E-05,0.010204082,0.003888025,0.136188602,5.83E-08,6.81E-06,2.21E-06,0.033893618,0.12738505,0.000543892,0.004662005
190,soc-wiki-elec,Social Networks,0.000120102,0.000625751,0.000707194,0.000734248,0.010204082,0.022550544,0.132589572,2.31E-05,0.000337487,0.000493159,0.038546127,0.142410302,0.003317742,0.013209013
191,soc-youtube-snap,Social Networks,0.019165141,0.017470869,7.67E-07,0.015685406,0.010204082,0.00311042,0.134910503,8.41E-05,7.70E-06,0.001592972,0.017917802,0.00622032,0.002828239,0.012432012
192,soc-youtube,Social Networks,0.008375308,0.0113256,2.62E-06,0.013860697,0.010204082,0.00466563,0.135698268,6.72E-05,1.41E-05,0.00133098,0.024410093,0.008810503,0.00271946,0.012432012
204,rt-higgs,Retweet Networks,0.007177174,0.004289939,1.35E-06,0.017220998,0.010204082,0.00155521,0.129608332,3.44E-06,8.42E-07,0.000417668,0.006159557,0.000390273,0.001033395,0.009324009
205,rt-pol,Retweet Networks,0.000311857,0.000357596,6.00E-05,0.000557505,0.010204082,0.003888025,0.13189917,3.46E-06,1.95E-05,0.00012923,0.013226953,0.05763311,0.004351137,0.034188034
206,rt-retweet-crawl,Retweet Networks,0.018790447,0.013326142,6.07E-07,0.002765702,0.010204082,0.002332815,0.137856592,4.82E-06,4.50E-07,1.37E-05,0.004146611,0.003365372,0.001033395,0.01010101
207,rt-retweet,Retweet Networks,1.57E-06,6.49E-07,0.00429127,9.27E-06,0.010204082,0.000777605,0.112556014,3.30E-10,3.57E-07,5.29E-08,0.013471231,0.074247812,0.000217557,0.003108003
208,rt-twitter-copen,Retweet Networks,1.28E-05,5.98E-06,0.000595123,2.02E-05,0.010204082,0.000777605,0.125118722,4.10E-09,5.60E-07,2.38E-07,0.016826289,0.06021094,0.000271946,0.003108003
209,rt-alwefaq,Retweet Networks,7.04E-05,4.16E-05,0.000136902,0.000479498,0.010204082,0.00155521,0.105956212,1.12E-07,2.78E-06,7.29E-06,0.028251889,0.01296697,0.00070706,0.006216006
210,rt-assad,Retweet Networks,3.61E-05,1.63E-05,0.000204867,8.29E-05,0.010204082,0.000777605,0.100194427,7.33E-09,3.56E-07,1.11E-06,0.003464912,0.012240964,0.000380724,0.003885004
211,rt-bahrain,Retweet Networks,7.89E-05,4.68E-05,0.000122481,0.000142376,0.010204082,0.00155521,0.106869656,1.70E-08,3.78E-07,1.06E-06,0.003910715,0.008957295,0.000380724,0.003885004
212,rt-barackobama,Retweet Networks,0.000162591,5.74E-05,3.54E-05,0.00419383,0.010204082,0.000777605,0.037621544,1.11E-09,1.20E-08,2.11E-07,0.00066767,4.07E-06,0.000217557,0.002331002
213,rt-damascus,Retweet Networks,5.15E-05,2.27E-05,0.000139407,0.000353486,0.010204082,0.000777605,0.115168121,5.02E-09,1.71E-07,3.70E-07,0.00258927,0.001960545,0.000326335,0.003108003
214,rt-dash,Retweet Networks,0.000106136,4.35E-05,6.31E-05,0.000239476,0.010204082,0.000777605,0.101576771,4.67E-09,7.71E-08,3.00E-07,0.002452939,0.001057739,0.000271946,0.003108003
215,rt-gmanews,Retweet Networks,0.000141346,5.16E-05,4.21E-05,0.003941262,0.010204082,0.000777605,0.028888277,8.70E-09,1.08E-07,2.47E-06,0.006077022,3.61E-05,0.000271946,0.003108003
216,rt-gop,Retweet Networks,7.91E-05,3.23E-05,8.43E-05,0.000169106,0.010204082,0.000777605,0.118311984,9.08E-10,2.01E-08,9.69E-08,0.001013728,0.000800984,0.000217557,0.002331002
217,rt-http,Retweet Networks,0.000150533,6.03E-05,4.34E-05,0.000499681,0.010204082,0.000777605,0.09557818,1.79E-09,2.08E-08,1.76E-07,0.000751307,0.000153412,0.000271946,0.003108003
218,rt-islam,Retweet Networks,7.59E-05,2.70E-05,7.64E-05,0.001462495,0.010204082,0.000777605,0.070544344,5.50E-11,1.27E-09,8.81E-09,0.00012332,1.62E-06,0.000163168,0.001554002
219,rt-israel,Retweet Networks,6.24E-05,2.44E-05,0.000102116,0.000105828,0.010204082,0.000777605,0.107738944,6.88E-10,1.93E-08,4.40E-08,0.000816317,0.000975531,0.000217557,0.002331002
220,rt-justinbieber,Retweet Networks,0.000158774,5.62E-05,3.64E-05,0.002125827,0.010204082,0.000777605,0.024248616,2.20E-10,2.43E-09,5.29E-08,0.000234621,1.69E-06,0.000163168,0.002331002
221,rt-ksa,Retweet Networks,0.00012326,4.75E-05,5.10E-05,0.000835711,0.010204082,0.000777605,0.084444156,6.05E-09,8.61E-08,1.09E-06,0.003800107,0.000260767,0.000380724,0.003885004
222,rt-lebanon,Retweet Networks,6.68E-05,2.59E-05,9.47E-05,0.000199654,0.010204082,0.000777605,0.097116876,1.61E-09,4.21E-08,1.67E-07,0.001584889,0.000865596,0.000271946,0.003108003
223,rt-libya,Retweet Networks,8.55E-05,3.24E-05,7.23E-05,0.000290753,0.010204082,0.000777605,0.11820293,1.89E-09,3.87E-08,1.94E-07,0.00096046,0.000832321,0.000217557,0.002331002
224,rt-lolgop,Retweet Networks,0.000164854,6.03E-05,3.62E-05,0.005025723,0.010204082,0.000777605,0.01403558,6.26E-09,6.65E-08,1.96E-06,0.005106118,1.61E-05,0.000217557,0.002331002
225,rt-mittromney,Retweet Networks,0.000134608,5.02E-05,4.52E-05,0.001783796,0.010204082,0.000777605,0.101813736,1.78E-09,2.32E-08,4.40E-07,0.000975985,3.55E-05,0.000217557,0.002331002
226,rt-obama,Retweet Networks,5.42E-05,2.00E-05,0.000111105,0.000145649,0.010204082,0.000777605,0.097188374,3.85E-10,1.25E-08,7.05E-08,0.000818652,0.000307757,0.000217557,0.002331002
227,rt-occupy,Retweet Networks,5.44E-05,2.31E-05,0.000127358,0.000191472,0.010204082,0.000777605,0.118434709,3.30E-09,1.06E-07,2.20E-07,0.002604948,0.002911864,0.000271946,0.002331002
228,rt-occupywallstnyc,Retweet Networks,6.09E-05,2.30E-05,0.000101025,0.001752157,0.010204082,0.000777605,0.032017998,5.17E-09,1.49E-07,1.52E-06,0.008298079,0.000109311,0.000271946,0.003108003
229,rt-oman,Retweet Networks,8.28E-05,3.64E-05,8.67E-05,0.000408582,0.010204082,0.000777605,0.109502977,7.25E-09,1.54E-07,8.99E-07,0.00335661,0.001465665,0.000326335,0.003885004
230,rt-onedirection,Retweet Networks,0.000134828,4.75E-05,4.26E-05,0.00326702,0.010204082,0.000777605,0.042048283,3.85E-10,5.01E-09,1.15E-07,0.00031883,2.29E-06,0.000163168,0.002331002
231,rt-p2,Retweet Networks,8.27E-05,3.52E-05,8.39E-05,0.000153832,0.010204082,0.000777605,0.109521676,2.54E-09,5.38E-08,4.05E-07,0.002084105,0.001608645,0.000217557,0.002331002
232,rt-qatif,Retweet Networks,0.000127229,5.01E-05,5.04E-05,0.001585233,0.010204082,0.000777605,0.075968596,8.97E-09,1.24E-07,1.99E-06,0.005850351,0.000156894,0.000271946,0.003108003
233,rt-saudi,Retweet Networks,0.000122416,4.73E-05,5.15E-05,0.001028274,0.010204082,0.000777605,0.067245543,1.13E-08,1.61E-07,2.23E-06,0.007030364,0.000285344,0.000380724,0.003885004
234,rt-tcot,Retweet Networks,7.67E-05,3.22E-05,8.92E-05,0.000168561,0.010204082,0.000777605,0.121827793,1.02E-09,2.33E-08,8.81E-08,0.000841851,0.000969698,0.000217557,0.002331002
235,rt-tlot,Retweet Networks,6.18E-05,2.62E-05,0.000111586,0.000324029,0.010204082,0.000777605,0.109411522,1.62E-09,4.60E-08,3.35E-07,0.001665304,0.000563265,0.000217557,0.003108003
236,rt-uae,Retweet Networks,8.86E-05,3.73E-05,7.76E-05,0.000199109,0.010204082,0.000777605,0.097021336,5.60E-09,1.11E-07,3.96E-07,0.002190238,0.001745524,0.000326335,0.003108003
237,rt-voteonedirection,Retweet Networks,3.85E-05,1.44E-05,0.000158868,0.000354577,0.010204082,0.000777605,0.079154414,9.17E-11,4.18E-09,3.52E-08,0.000301503,2.83E-05,0.000217557,0.002331002
238,rt-alwefaq,Retweet Networks,7.04E-05,4.16E-05,0.000136902,0.000479498,0.010204082,0.00155521,0.105956212,1.12E-07,2.78E-06,7.29E-06,0.028251889,0.01296697,0.00070706,0.006216006
239,rt-assad,Retweet Networks,3.61E-05,1.63E-05,0.000204867,8.29E-05,0.010204082,0.000777605,0.100194427,7.33E-09,3.56E-07,1.11E-06,0.003464912,0.012240964,0.000380724,0.003885004
240,rt-bahrain,Retweet Networks,7.89E-05,4.68E-05,0.000122481,0.000142376,0.010204082,0.00155521,0.106869656,1.70E-08,3.78E-07,1.06E-06,0.003910715,0.008957295,0.000380724,0.003885004
241,rt-barackobama,Retweet Networks,0.000162591,5.74E-05,3.54E-05,0.00419383,0.010204082,0.000777605,0.037621544,1.11E-09,1.20E-08,2.11E-07,0.00066767,4.07E-06,0.000217557,0.002331002
242,rt-damascus,Retweet Networks,5.15E-05,2.27E-05,0.000139407,0.000353486,0.010204082,0.000777605,0.115168121,5.02E-09,1.71E-07,3.70E-07,0.00258927,0.001960545,0.000326335,0.003108003
243,rt-dash,Retweet Networks,0.000106136,4.35E-05,6.31E-05,0.000239476,0.010204082,0.000777605,0.101576771,4.67E-09,7.71E-08,3.00E-07,0.002452939,0.001057739,0.000271946,0.003108003
244,rt-gmanews,Retweet Networks,0.000141346,5.16E-05,4.21E-05,0.003941262,0.010204082,0.000777605,0.028888277,8.70E-09,1.08E-07,2.47E-06,0.006077022,3.61E-05,0.000271946,0.003108003
245,rt-gop,Retweet Networks,7.91E-05,3.23E-05,8.43E-05,0.000169106,0.010204082,0.000777605,0.118311984,9.08E-10,2.01E-08,9.69E-08,0.001013728,0.000800984,0.000217557,0.002331002
246,rt-http,Retweet Networks,0.000150533,6.03E-05,4.34E-05,0.000499681,0.010204082,0.000777605,0.09557818,1.79E-09,2.08E-08,1.76E-07,0.000751307,0.000153412,0.000271946,0.003108003
247,rt-israel,Retweet Networks,6.24E-05,2.44E-05,0.000102116,0.000105828,0.010204082,0.000777605,0.107738944,6.88E-10,1.93E-08,4.40E-08,0.000816317,0.000975531,0.000217557,0.002331002
248,rt-justinbieber,Retweet Networks,0.000158774,5.62E-05,3.64E-05,0.002125827,0.010204082,0.000777605,0.024248616,2.20E-10,2.43E-09,5.29E-08,0.000234621,1.69E-06,0.000163168,0.002331002
249,rt-ksa,Retweet Networks,0.00012326,4.75E-05,5.10E-05,0.000835711,0.010204082,0.000777605,0.084444156,6.05E-09,8.61E-08,1.09E-06,0.003800107,0.000260767,0.000380724,0.003885004
250,rt-lebanon,Retweet Networks,6.68E-05,2.59E-05,9.47E-05,0.000199654,0.010204082,0.000777605,0.097116876,1.61E-09,4.21E-08,1.67E-07,0.001584889,0.000865596,0.000271946,0.003108003
251,rt-libya,Retweet Networks,8.55E-05,3.24E-05,7.23E-05,0.000290753,0.010204082,0.000777605,0.11820293,1.89E-09,3.87E-08,1.94E-07,0.00096046,0.000832321,0.000217557,0.002331002
252,rt-lolgop,Retweet Networks,0.000164854,6.03E-05,3.62E-05,0.005025723,0.010204082,0.000777605,0.01403558,6.26E-09,6.65E-08,1.96E-06,0.005106118,1.61E-05,0.000217557,0.002331002
253,rt-mittromney,Retweet Networks,0.000134608,5.02E-05,4.52E-05,0.001783796,0.010204082,0.000777605,0.101813736,1.78E-09,2.32E-08,4.40E-07,0.000975985,3.55E-05,0.000217557,0.002331002
254,rt-obama,Retweet Networks,5.42E-05,2.00E-05,0.000111105,0.000145649,0.010204082,0.000777605,0.097188374,3.85E-10,1.25E-08,7.05E-08,0.000818652,0.000307757,0.000217557,0.002331002
255,rt-occupy,Retweet Networks,5.44E-05,2.31E-05,0.000127358,0.000191472,0.010204082,0.000777605,0.118434709,3.30E-09,1.06E-07,2.20E-07,0.002604948,0.002911864,0.000271946,0.002331002
256,rt-occupywallstnyc,Retweet Networks,6.09E-05,2.30E-05,0.000101025,0.001752157,0.010204082,0.000777605,0.032017998,5.17E-09,1.49E-07,1.52E-06,0.008298079,0.000109311,0.000271946,0.003108003
257,rt-oman,Retweet Networks,8.28E-05,3.64E-05,8.67E-05,0.000408582,0.010204082,0.000777605,0.109502977,7.25E-09,1.54E-07,8.99E-07,0.00335661,0.001465665,0.000326335,0.003885004
258,rt-onedirection,Retweet Networks,0.000134828,4.75E-05,4.26E-05,0.00326702,0.010204082,0.000777605,0.042048283,3.85E-10,5.01E-09,1.15E-07,0.00031883,2.29E-06,0.000163168,0.002331002
259,rt-p2,Retweet Networks,8.27E-05,3.52E-05,8.39E-05,0.000153832,0.010204082,0.000777605,0.109521676,2.54E-09,5.38E-08,4.05E-07,0.002084105,0.001608645,0.000217557,0.002331002
260,rt-qatif,Retweet Networks,0.000127229,5.01E-05,5.04E-05,0.001585233,0.010204082,0.000777605,0.075968596,8.97E-09,1.24E-07,1.99E-06,0.005850351,0.000156894,0.000271946,0.003108003
261,rt-saudi,Retweet Networks,0.000122416,4.73E-05,5.15E-05,0.001028274,0.010204082,0.000777605,0.067245543,1.13E-08,1.61E-07,2.23E-06,0.007030364,0.000285344,0.000380724,0.003885004
262,rt-tcot,Retweet Networks,7.67E-05,3.22E-05,8.92E-05,0.000168561,0.010204082,0.000777605,0.121827793,1.02E-09,2.33E-08,8.81E-08,0.000841851,0.000969698,0.000217557,0.002331002
263,rt-tlot,Retweet Networks,6.18E-05,2.62E-05,0.000111586,0.000324029,0.010204082,0.000777605,0.109411522,1.62E-09,4.60E-08,3.35E-07,0.001665304,0.000563265,0.000217557,0.003108003
264,rt-uae,Retweet Networks,8.86E-05,3.73E-05,7.76E-05,0.000199109,0.010204082,0.000777605,0.097021336,5.60E-09,1.11E-07,3.96E-07,0.002190238,0.001745524,0.000326335,0.003108003
265,rt-voteonedirection,Retweet Networks,3.85E-05,1.44E-05,0.000158868,0.000354577,0.010204082,0.000777605,0.079154414,9.17E-11,4.18E-09,3.52E-08,0.000301503,2.83E-05,0.000217557,0.002331002
330,bn-cat-mixed-species-brain-1,Brain Networks,1.05E-06,6.63E-06,0.091585319,3.93E-05,0.06122449,0.026438569,0.142312857,2.59E-07,0.00041326,1.10E-05,0.157143079,0.595501527,0.001468509,0.008547009
331,bn-fly-drosophila-medulla-1,Brain Networks,3.00E-05,0.000195912,0.003535569,0.008850248,0.010204082,0.027993779,0.089613215,0.000105409,0.006148512,0.006488697,0.858810407,0.084086196,0.01789405,0.006216006
332,bn-human-BNU-1-0025864-session-1-bg,Brain Networks,0.011759196,0.837155397,9.87E-05,0.008244739,0.010204082,0.31881804,0.210088049,0.548900966,0.081890202,0.072398448,0.115378935,0.323203467,0.065810943,0.103341103
333,bn-human-BNU-1-0025864-session-2-bg,Brain Networks,0.0117021,0.782006219,9.31E-05,0.004606231,0.010204082,0.298600311,0.215032558,0.469462946,0.070380618,0.031539793,0.115686057,0.324039703,0.05917546,0.1002331
334,bn-human-BNU-1-0025865-session-1-bg,Brain Networks,0.012404678,0.970237229,0.000102847,0.004510222,0.010204082,0.34992224,0.195535799,0.572152984,0.080917479,0.039863959,0.11303993,0.307508025,0.055803329,0.174048174
335,bn-human-BNU-1-0025865-session-2-bg,Brain Networks,0.012071104,0.907469936,0.000101583,0.005485583,0.010204082,0.336702955,0.19526945,0.507672194,0.073782271,0.039572278,0.113205355,0.312025303,0.051941695,0.1002331
336,bn-human-BNU-1-0025867-session-1-bg,Brain Networks,0.012621663,0.849540687,8.70E-05,0.004222197,0.010204082,0.300933126,0.200953451,0.453481702,0.063031684,0.033164965,0.1135535,0.314654047,0.047916893,0.095571096
337,bn-human-BNU-1-0025867-session-2-bg,Brain Networks,0.01241248,0.904467142,9.58E-05,0.003849618,0.010204082,0.325816485,0.220720016,0.529895037,0.07489399,0.044962888,0.113220434,0.309529597,0.063417818,0.147630148
338,bn-human-BNU-1-0025868-session-1-bg,Brain Networks,0.012285218,0.879757571,9.51E-05,0.004303477,0.010204082,0.32037325,0.208357644,0.52127334,0.074438621,0.034938484,0.114722337,0.295280564,0.057380616,0.16006216
339,bn-human-BNU-1-0025868-session-2-bg,Brain Networks,0.01229535,0.927576894,0.000100081,0.005884891,0.010204082,0.33748056,0.222731856,0.631003809,0.090034042,0.047043707,0.11409878,0.29462938,0.079734581,0.137529138
340,bn-human-BNU-1-0025869-session-1-bg,Brain Networks,0.011660929,0.789674976,9.47E-05,0.005635051,0.010204082,0.303265941,0.204325322,0.49162141,0.073962775,0.052732183,0.116455081,0.31752586,0.060426411,0.121989122
341,bn-human-BNU-1-0025869-session-2-bg,Brain Networks,0.012093767,0.886198071,9.88E-05,0.006300565,0.010204082,0.3281493,0.213034075,0.669139179,0.097066754,0.065431921,0.116977078,0.316987708,0.076090504,0.181818182
342,bn-human-BNU-1-0025870-session-1-bg,Brain Networks,0.01346405,0.869881087,7.83E-05,0.004092367,0.010204082,0.289269051,0.204230725,0.481562252,0.062746937,0.026223555,0.113883684,0.308674355,0.049602959,0.11033411
343,bn-human-BNU-1-0025870-session-2-bg,Brain Networks,0.013687165,0.975441466,8.49E-05,0.005654689,0.010204082,0.31881804,0.219316144,0.628857256,0.080603597,0.054122708,0.113064544,0.291144394,0.073316654,0.091686092
344,bn-human-BNU-1-0025871-session-1-bg,Brain Networks,0.012620531,0.986395891,0.000101014,0.004619323,0.010204082,0.34992224,0.207154123,0.622720272,0.086562756,0.048020369,0.113159009,0.318273071,0.054552377,0.193473193
345,bn-human-BNU-1-0025871-session-2-bg,Brain Networks,0.012407515,1,0.000105954,0.004920987,0.010204082,0.360808709,0.209251603,0.666204463,0.094197288,0.056069557,0.113437082,0.317459841,0.070053301,0.153846154
346,bn-human-BNU-1-0025872-session-1-bg,Brain Networks,0.012769528,0.97407288,9.74E-05,0.009682141,0.010204082,0.341368585,0.217748534,1,0.1373855,0.154277715,0.116186322,0.28576087,0.119384314,0.198135198
347,bn-human-BNU-1-0025872-session-2-bg,Brain Networks,0.012980804,0.864363838,8.37E-05,0.005373754,0.010204082,0.297822706,0.214009275,0.543091535,0.073398501,0.044146924,0.115797153,0.323735617,0.059773741,0.177933178
348,bn-human-BNU-1-0025873-session-1-bg,Brain Networks,0.010900985,0.874517354,0.00012004,0.004581138,0.010204082,0.359253499,0.201770098,0.526605834,0.08474915,0.034211541,0.114013407,0.323821642,0.059393016,0.108003108
349,bn-human-BNU-1-0025873-session-2-bg,Brain Networks,0.011692643,0.819283588,9.77E-05,0.004806431,0.010204082,0.313374806,0.192400108,0.453457792,0.068036151,0.022069449,0.115281809,0.33706539,0.048352007,0.066045066
350,bn-human-BNU-1-0025874-session-2-bg,Brain Networks,0.012992879,0.956245367,9.24E-05,0.005501948,0.010204082,0.32970451,0.194468203,0.606804121,0.081933008,0.057224361,0.114176614,0.290978347,0.058849124,0.133644134
351,bn-human-BNU-1-0025876-session-1-bg,Brain Networks,0.013340537,0.820805573,7.52E-05,0.005220468,0.010204082,0.275272162,0.228618566,0.549570278,0.072271278,0.062663654,0.115282696,0.325557133,0.081475035,0.136752137
352,bn-human-BNU-1-0025876-session-2-bg,Brain Networks,0.013160704,0.817933247,7.70E-05,0.005349207,0.010204082,0.277604977,0.23303839,0.571082003,0.07612637,0.066118823,0.114913928,0.320942827,0.093277494,0.142968143
353,bn-human-BNU-1-0025878-session-1-bg,Brain Networks,0.01181592,0.747964147,8.74E-05,0.005680873,0.010204082,0.283048212,0.195105084,0.380236733,0.05645496,0.028900544,0.114988658,0.311893266,0.048787121,0.09013209
354,bn-human-BNU-1-0025886-session-1,Brain Networks,0.013175143,0.925026206,8.69E-05,0.004866436,0.010204082,0.314152411,0.207383545,0.530427093,0.070629502,0.043821616,0.113437526,0.311643195,0.061351028,0.11965812
355,bn-human-BNU-1-0025889-session-1,Brain Networks,0.011900306,0.844824797,9.73E-05,0.004652053,0.010204082,0.318040435,0.212118431,0.493850421,0.072803607,0.029359574,0.114462891,0.322493266,0.057870119,0.159285159
356,bn-human-BNU-1-0025889-session-2,Brain Networks,0.012544859,0.771475909,8.00E-05,0.004192194,0.010204082,0.275272162,0.199546122,0.400352066,0.055987616,0.023787537,0.115470517,0.322515272,0.041063853,0.145299145
357,bn-human-BNU-1-0025912-session-2,Brain Networks,0.013201521,0.862910172,8.08E-05,0.005043725,0.010204082,0.292379471,0.198771903,0.468780177,0.062296129,0.042134997,0.114768018,0.321035853,0.05640161,0.139083139
358,bn-macaque-rhesus-brain-1,Brain Networks,4.04E-06,2.39E-05,0.023457781,8.95E-05,0.020408163,0.024883359,0.132070671,7.17E-07,0.000307671,2.36E-05,0.118094469,0.361617338,0.001414119,0.007770008
359,bn-macaque-rhesus-brain-2,Brain Networks,1.49E-06,3.64E-06,0.025649088,5.24E-05,0.010204082,0.00933126,0.02929008,9.14E-08,0.000104318,6.98E-06,0.362304057,0.369008429,0.000870227,0.009324009
360,bn-macaque-rhesus-cerebral-cortex-1,Brain Networks,1.49E-06,1.16E-05,0.081235567,0.000135285,0.06122449,0.032659409,0.086724388,7.89E-07,0.000900458,3.36E-05,0.289362051,0.556378455,0.001903622,0.016317016
361,bn-macaque-rhesus-interareal-cortical-network-2,Brain Networks,1.52E-06,1.56E-05,0.104267204,6.55E-05,0.295918367,0.043545879,0.056859811,1.59E-06,0.001777902,3.70E-05,0.345491074,0.745604006,0.003045796,0.024087024
362,bn-mouse-brain-1,Brain Networks,3.55E-06,0.000126592,0.160405105,0.000171288,1,0.157076205,0.134224202,3.24E-05,0.015817835,0.000275753,0.177695632,0.767678253,0.007777657,0.027195027
363,bn-mouse-retina-1,Brain Networks,1.81E-05,0.003376168,0.166960629,0.004283839,0.010204082,0.833592535,0.143537639,0.007128371,0.688233893,0.071879829,0.344577469,0.608347162,0.05569455,0.032634033
364,bn-mouse-visual-cortex-1,Brain Networks,4.39E-07,2.22E-07,0.018125522,4.91E-06,0.010204082,0.00155521,0.06671473,2.75E-11,9.86E-08,8.81E-09,0.010959994,0.022228491,0.000163168,0.002331002
365,bn-mouse-visual-cortex-2,Brain Networks,3.21E-06,1.22E-06,0.001931743,1.69E-05,0.010204082,0.000777605,0.00797209,1.10E-10,5.92E-08,1.76E-08,0.004719366,0.004688827,0.000163168,0.001554002
375,ENZYMES-g460,Cheminformatics,4.22E-07,7.25E-07,0.057517202,3.82E-06,0,0.002830482,0.13442493,6.70E-10,2.49E-06,5.29E-08,0.065637605,0.284080395,0.000163168,0.001554002
376,ENZYMES-g180,Cheminformatics,5.91E-07,6.67E-07,0.028549534,3.82E-06,0,0.001679627,0.135996312,1.83E-10,5.05E-07,1.76E-08,0.034371043,0.131037083,0.000163168,0.000777001
377,ENZYMES-g518,Cheminformatics,4.05E-07,6.20E-07,0.053369406,2.73E-06,0,0.002449456,0.13442493,8.44E-10,3.25E-06,5.29E-08,0.122183515,0.514145503,0.000163168,0.001554002
378,ENZYMES-g380,Cheminformatics,5.57E-07,6.78E-07,0.03239628,2.73E-06,0,0.001858476,0.135996312,4.59E-10,1.32E-06,4.40E-08,0.067189846,0.338095681,0.000163168,0.001554002
379,ENZYMES-g321,Cheminformatics,3.04E-07,4.56E-07,0.066899916,3.27E-06,0,0.002332815,0.13442493,6.33E-10,3.13E-06,5.29E-08,0.137262424,0.527149183,0.000163168,0.001554002
380,ENZYMES-g508,Cheminformatics,3.04E-07,5.26E-07,0.07644988,3.27E-06,0,0.00277605,0.13442493,7.06E-10,3.50E-06,5.29E-08,0.098456408,0.440124555,0.000163168,0.001554002
381,ENZYMES-g270,Cheminformatics,4.90E-07,6.67E-07,0.040457721,3.27E-06,0,0.002138414,0.13442493,8.44E-10,2.74E-06,4.40E-08,0.134823189,0.558157959,0.000163168,0.001554002
382,ENZYMES-g179,Cheminformatics,6.25E-07,6.55E-07,0.025304888,3.82E-06,0,0.00151633,0.139139075,1.83E-10,4.76E-07,1.76E-08,0.034371043,0.141039914,0.000108778,0.000777001
383,ENZYMES-g408,Cheminformatics,5.07E-07,7.37E-07,0.041812444,4.36E-06,0,0.002332815,0.132853549,8.90E-10,2.80E-06,8.81E-08,0.099343402,0.460130217,0.000163168,0.001554002
384,ENZYMES-g407,Cheminformatics,4.56E-07,6.67E-07,0.046144214,2.73E-06,0,0.002332815,0.139139075,4.59E-10,1.59E-06,3.52E-08,0.065194108,0.269076149,0.000163168,0.000777001
385,ENZYMES-g69,Cheminformatics,4.22E-07,6.08E-07,0.048669687,3.27E-06,0,0.002278383,0.13442493,8.07E-10,2.99E-06,6.17E-08,0.127283734,0.533150882,0.000163168,0.001554002
386,ENZYMES-g193,Cheminformatics,4.56E-07,6.67E-07,0.046144214,3.27E-06,0,0.002332815,0.131282167,8.16E-10,2.83E-06,6.61E-08,0.10643936,0.478135312,0.000163168,0.001554002
387,ENZYMES-g343,Cheminformatics,3.55E-07,4.91E-07,0.054540155,2.73E-06,0,0.002138414,0.13442493,6.60E-10,2.86E-06,5.29E-08,0.12794898,0.576163054,0.000163168,0.001554002
388,ENZYMES-g143,Cheminformatics,6.08E-07,6.78E-07,0.02752931,3.27E-06,0,0.001656299,0.132853549,1.83E-10,4.86E-07,3.52E-08,0.013970166,0.123034819,0.000163168,0.000777001
389,ENZYMES-g559,Cheminformatics,5.91E-07,7.49E-07,0.031877805,3.27E-06,0,0.001967341,0.135996312,3.12E-10,8.48E-07,5.29E-08,0.045458476,0.199056333,0.000163168,0.001554002
390,ENZYMES-g419,Cheminformatics,4.05E-07,5.61E-07,0.048602787,3.82E-06,0,0.002161742,0.132853549,3.39E-10,1.31E-06,4.40E-08,0.040801754,0.248070204,0.000163168,0.000777001
391,ENZYMES-g322,Cheminformatics,4.39E-07,6.32E-07,0.046963739,3.27E-06,0,0.002278383,0.13442493,7.43E-10,2.66E-06,4.40E-08,0.118192039,0.460130217,0.000163168,0.001554002
392,ENZYMES-g409,Cheminformatics,4.90E-07,6.67E-07,0.040457721,3.27E-06,0,0.002138414,0.132853549,5.59E-10,1.82E-06,7.05E-08,0.07982952,0.359101626,0.000163168,0.001554002
393,ENZYMES-g95,Cheminformatics,4.90E-07,7.13E-07,0.043167168,2.73E-06,0,0.002332815,0.135996312,7.98E-10,2.59E-06,4.40E-08,0.106661108,0.460130217,0.000163168,0.001554002
394,ENZYMES-g422,Cheminformatics,4.05E-07,6.32E-07,0.05432273,3.82E-06,0,0.002503888,0.132853549,5.14E-10,1.97E-06,4.85E-08,0.057876402,0.28908181,0.000163168,0.001554002
395,ENZYMES-g430,Cheminformatics,5.74E-07,6.32E-07,0.028633159,3.82E-06,0,0.001617418,0.129710786,1.56E-10,4.38E-07,4.40E-08,0.012417925,0.121034253,0.000163168,0.000777001
396,ENZYMES-g485,Cheminformatics,6.08E-07,8.07E-07,0.03249663,3.82E-06,0,0.002091757,0.13442493,4.95E-10,1.31E-06,4.40E-08,0.053884926,0.262074167,0.000163168,0.001554002
397,ENZYMES-g318,Cheminformatics,4.05E-07,5.85E-07,0.050509435,3.82E-06,0,0.002278383,0.139139075,7.34E-10,2.82E-06,7.05E-08,0.107769851,0.482136445,0.000163168,0.001554002
398,ENZYMES-g252,Cheminformatics,4.90E-07,6.67E-07,0.040457721,2.73E-06,0,0.002138414,0.137567693,8.53E-10,2.77E-06,4.40E-08,0.128392477,0.544153996,0.000163168,0.001554002
399,ENZYMES-g548,Cheminformatics,3.72E-07,4.91E-07,0.050174935,2.73E-06,0,0.002021773,0.132853549,5.96E-10,2.48E-06,4.40E-08,0.122627012,0.580164186,0.000163168,0.001554002
400,ENZYMES-g412,Cheminformatics,5.57E-07,7.60E-07,0.036109226,3.27E-06,0,0.002161742,0.135996312,5.78E-10,1.67E-06,5.29E-08,0.070737824,0.318090019,0.000163168,0.001554002
401,ENZYMES-g319,Cheminformatics,3.72E-07,4.91E-07,0.050174935,2.73E-06,0,0.002021773,0.131282167,6.15E-10,2.55E-06,5.29E-08,0.128835975,0.588166451,0.000163168,0.001554002
402,ENZYMES-g362,Cheminformatics,2.70E-07,4.44E-07,0.080196276,3.27E-06,0,0.002581649,0.13442493,6.88E-10,3.76E-06,6.17E-08,0.128392477,0.540152863,0.000163168,0.001554002
403,ENZYMES-g214,Cheminformatics,3.38E-07,5.61E-07,0.067435116,4.36E-06,0,0.002667185,0.13442493,7.89E-10,3.56E-06,8.81E-08,0.088477718,0.439124272,0.000163168,0.001554002
404,ENZYMES-g389,Cheminformatics,4.22E-07,6.08E-07,0.048669687,3.27E-06,0,0.002278383,0.135996312,7.98E-10,2.96E-06,6.17E-08,0.117748541,0.521147485,0.000163168,0.001554002
405,ENZYMES-g421,Cheminformatics,3.72E-07,5.38E-07,0.054640505,3.27E-06,0,0.002270607,0.131282167,3.76E-10,1.56E-06,5.73E-08,0.051667439,0.283080112,0.000163168,0.001554002
406,ENZYMES-g335,Cheminformatics,3.72E-07,5.61E-07,0.056864927,3.27E-06,0,0.002395023,0.135996312,7.15E-10,2.97E-06,5.29E-08,0.123292258,0.462130783,0.000163168,0.001554002
407,ENZYMES-g207,Cheminformatics,3.55E-07,4.68E-07,0.052115033,2.73E-06,0,0.002006221,0.13442493,6.24E-10,2.70E-06,4.40E-08,0.141919146,0.613173528,0.000163168,0.001554002
408,ENZYMES-g581,Cheminformatics,3.38E-07,5.85E-07,0.070077663,3.82E-06,0,0.002807154,0.131282167,8.16E-10,3.69E-06,6.61E-08,0.110652584,0.476134746,0.000163168,0.001554002
409,ENZYMES-g434,Cheminformatics,6.75E-07,7.84E-07,0.025923712,2.73E-06,0,0.001757387,0.139139075,5.69E-10,1.37E-06,3.52E-08,0.068742086,0.350099078,0.000163168,0.001554002
410,ENZYMES-g577,Cheminformatics,4.05E-07,5.73E-07,0.049556111,3.27E-06,0,0.002216174,0.132853549,6.60E-10,2.54E-06,6.17E-08,0.106661108,0.47413418,0.000163168,0.001554002
411,ENZYMES-g2,Cheminformatics,3.38E-07,5.61E-07,0.067435116,3.27E-06,0,0.002667185,0.13442493,8.53E-10,3.85E-06,6.17E-08,0.115974552,0.511144654,0.000163168,0.001554002
412,ENZYMES-g576,Cheminformatics,4.05E-07,5.61E-07,0.048602787,2.73E-06,0,0.002161742,0.132853549,6.60E-10,2.54E-06,6.17E-08,0.116418049,0.50014154,0.000163168,0.001554002
413,ENZYMES-g333,Cheminformatics,5.07E-07,6.78E-07,0.038651423,2.73E-06,0,0.002099533,0.13442493,8.80E-10,2.77E-06,4.40E-08,0.137484173,0.57816362,0.000163168,0.001554002
414,ENZYMES-g304,Cheminformatics,6.59E-07,9.24E-07,0.03186108,4.36E-06,0,0.002255054,0.135996312,6.42E-10,1.59E-06,7.93E-08,0.061646129,0.270076432,0.000163168,0.001554002
415,ENZYMES-g282,Cheminformatics,7.94E-07,9.71E-07,0.023481865,3.27E-06,0,0.001897356,0.137567693,3.03E-10,6.29E-07,4.40E-08,0.028162081,0.149042179,0.000163168,0.000777001
416,ENZYMES-g181,Cheminformatics,6.25E-07,9.12E-07,0.034737777,3.82E-06,0,0.002371695,0.139139075,7.06E-10,1.84E-06,4.40E-08,0.0665246,0.287081244,0.000163168,0.000777001
417,ENZYMES-g199,Cheminformatics,9.96E-07,1.23E-06,0.01909992,3.27E-06,0,0.00192846,0.135996312,4.22E-10,7.05E-07,3.52E-08,0.032597054,0.163046142,0.000163168,0.000777001
418,ENZYMES-g570,Cheminformatics,7.09E-07,8.77E-07,0.026358562,3.27E-06,0,0.001920684,0.13442493,5.50E-10,1.27E-06,2.64E-08,0.073620557,0.300084924,0.000163168,0.000777001
419,ENZYMES-g305,Cheminformatics,7.26E-07,1.05E-06,0.030054782,3.82E-06,0,0.002363919,0.135996312,8.25E-10,1.87E-06,5.29E-08,0.070294327,0.295083509,0.000163168,0.001554002
420,ENZYMES-g349,Cheminformatics,1.03E-06,1.34E-06,0.019584944,4.36E-06,0,0.002091757,0.140710456,7.15E-10,1.16E-06,4.40E-08,0.05321968,0.210059447,0.000163168,0.001554002
421,ENZYMES-g540,Cheminformatics,7.77E-07,1.04E-06,0.026174587,3.27E-06,0,0.00214619,0.137567693,5.78E-10,1.23E-06,5.29E-08,0.05477192,0.236066807,0.000163168,0.000777001
422,ENZYMES-g438,Cheminformatics,7.60E-07,1.12E-06,0.029352333,4.91E-06,0,0.002433904,0.135996312,8.80E-10,1.91E-06,8.81E-08,0.063641867,0.257072752,0.000163168,0.001554002
423,ENZYMES-g194,Cheminformatics,7.26E-07,1.13E-06,0.032312655,3.27E-06,0,0.002604977,0.139139075,7.34E-10,1.66E-06,4.40E-08,0.04989345,0.220062278,0.000163168,0.000777001
424,ENZYMES-g523,Cheminformatics,7.60E-07,1.26E-06,0.032914754,3.27E-06,0,0.002822706,0.135996312,1.03E-09,2.22E-06,5.29E-08,0.063420118,0.273077281,0.000163168,0.001554002
425,ENZYMES-g195,Cheminformatics,7.43E-07,1.04E-06,0.028465909,3.82E-06,0,0.00226283,0.137567693,7.61E-10,1.69E-06,4.40E-08,0.064085364,0.292082659,0.000163168,0.001554002
426,ENZYMES-g325,Cheminformatics,7.94E-07,1.11E-06,0.026759961,3.82E-06,0,0.002270607,0.137567693,6.05E-10,1.26E-06,3.52E-08,0.049449952,0.221062561,0.000163168,0.001554002
427,ENZYMES-g113,Cheminformatics,8.27E-07,1.11E-06,0.024719513,3.27E-06,0,0.002153966,0.135996312,5.41E-10,1.08E-06,5.29E-08,0.040136508,0.215060862,0.000163168,0.001554002
428,ENZYMES-g527,Cheminformatics,9.12E-07,1.22E-06,0.022428191,4.36E-06,0,0.002138414,0.135996312,7.34E-10,1.33E-06,3.52E-08,0.05987214,0.25007077,0.000163168,0.001554002
429,ENZYMES-g532,Cheminformatics,1.20E-06,1.37E-06,0.0148685,3.82E-06,0,0.001741835,0.139139075,4.40E-10,6.19E-07,3.52E-08,0.020400877,0.138039065,0.000163168,0.000777001
430,ENZYMES-g224,Cheminformatics,8.61E-07,1.19E-06,0.024552264,4.36E-06,0,0.002247278,0.137567693,8.80E-10,1.70E-06,3.52E-08,0.067189846,0.294083226,0.000163168,0.000777001
431,ENZYMES-g415,Cheminformatics,5.24E-07,8.54E-07,0.045307965,3.27E-06,0,0.002698289,0.139139075,6.51E-10,1.99E-06,5.29E-08,0.062976621,0.259073318,0.000163168,0.001554002
432,ENZYMES-g509,Cheminformatics,6.42E-07,9.94E-07,0.035891801,3.27E-06,0,0.00255832,0.139139075,5.96E-10,1.51E-06,2.64E-08,0.054550172,0.212060013,0.000163168,0.000777001
433,ENZYMES-g444,Cheminformatics,6.08E-07,8.89E-07,0.035657651,4.36E-06,0,0.002371695,0.13442493,5.23E-10,1.39E-06,3.52E-08,0.059206894,0.217061428,0.000163168,0.001554002
434,ENZYMES-g178,Cheminformatics,6.59E-07,9.94E-07,0.034185853,3.27E-06,0,0.00248056,0.139139075,6.51E-10,1.61E-06,5.29E-08,0.06142438,0.235066524,0.000163168,0.000777001
435,ENZYMES-g149,Cheminformatics,6.08E-07,9.24E-07,0.037012375,3.27E-06,0,0.002496112,0.135996312,7.25E-10,1.93E-06,5.29E-08,0.064528862,0.290082093,0.000163168,0.001554002
436,ENZYMES-g591,Cheminformatics,8.11E-07,1.11E-06,0.025706287,3.27E-06,0,0.002208398,0.137567693,6.42E-10,1.31E-06,4.40E-08,0.04989345,0.239067656,0.000163168,0.000777001
437,ENZYMES-g16,Cheminformatics,8.78E-07,1.10E-06,0.021842817,3.27E-06,0,0.001967341,0.135996312,6.05E-10,1.14E-06,5.29E-08,0.040358257,0.232065675,0.000163168,0.001554002
438,ENZYMES-g599,Cheminformatics,8.11E-07,1.08E-06,0.024920213,4.91E-06,0,0.002122862,0.13442493,2.75E-10,5.62E-07,4.40E-08,0.018848637,0.092026043,0.000163168,0.000777001
439,ENZYMES-g292,Cheminformatics,9.63E-07,1.13E-06,0.01889922,3.27E-06,0,0.00181182,0.135996312,4.95E-10,8.58E-07,3.52E-08,0.037032027,0.213060296,0.000163168,0.001554002
440,ENZYMES-g344,Cheminformatics,3.38E-07,4.21E-07,0.051563108,2.73E-06,0,0.001858476,0.135996312,5.32E-10,2.40E-06,4.40E-08,0.138149419,0.611172962,0.000163168,0.001554002
441,ENZYMES-g78,Cheminformatics,2.36E-07,3.04E-07,0.071332036,2.73E-06,0,0.001874028,0.128139404,3.58E-10,2.18E-06,3.52E-08,0.132383953,0.582164753,0.000163168,0.001554002
442,ENZYMES-g416,Cheminformatics,3.55E-07,5.03E-07,0.055744354,3.27E-06,0,0.002200622,0.129710786,2.93E-10,1.27E-06,5.73E-08,0.040801754,0.244069072,0.000163168,0.001554002
443,ENZYMES-g376,Cheminformatics,1.52E-07,2.22E-07,0.111505441,2.73E-06,0,0.002076205,0.12342526,9.17E-11,7.91E-07,1.76E-08,0.045236728,0.18505237,0.000163168,0.000777001
444,ENZYMES-g566,Cheminformatics,1.86E-07,3.51E-07,0.12130628,3.27E-06,0,0.002884914,0.131282167,5.14E-10,3.81E-06,6.17E-08,0.10643936,0.452127952,0.000163168,0.001554002
445,ENZYMES-g582,Cheminformatics,2.53E-07,3.98E-07,0.080898725,2.73E-06,0,0.002418351,0.126568023,4.22E-10,2.44E-06,4.40E-08,0.091138702,0.426120592,0.000163168,0.001554002
446,ENZYMES-g151,Cheminformatics,3.21E-07,4.33E-07,0.057918601,3.27E-06,0,0.002052877,0.131282167,2.66E-10,1.26E-06,5.29E-08,0.035701535,0.242068505,0.000163168,0.001554002
447,ENZYMES-g129,Cheminformatics,1.35E-07,1.99E-07,0.12164078,2.73E-06,0,0.002052877,0.126568023,2.75E-10,2.60E-06,3.52E-08,0.133714445,0.566160223,0.000163168,0.001554002
448,ENZYMES-g136,Cheminformatics,0,0,0.334499616,1.09E-06,0,0.000777605,0.062141381,9.17E-12,3.14E-07,4.40E-09,0.073842306,0.50014154,0.000108778,0.000777001
449,ENZYMES-g132,Cheminformatics,2.20E-07,3.39E-07,0.089194316,3.27E-06,0,0.002332815,0.131282167,5.04E-10,3.28E-06,6.17E-08,0.134157943,0.556157393,0.000163168,0.001554002
450,ENZYMES-g565,Cheminformatics,2.70E-07,3.63E-07,0.066515242,2.73E-06,0,0.002006221,0.13442493,4.68E-10,2.55E-06,4.40E-08,0.131940456,0.567160506,0.000163168,0.001554002
451,ENZYMES-g50,Cheminformatics,1.01E-07,1.40E-07,0.13936926,2.18E-06,0,0.00181182,0.117139734,2.29E-10,2.65E-06,3.08E-08,0.164315761,0.758214575,0.000163168,0.001554002
452,ENZYMES-g457,Cheminformatics,5.07E-07,4.56E-07,0.026609436,3.27E-06,0,0.001205288,0.135996312,8.25E-11,2.57E-07,2.64E-08,0.007539455,0.108030573,0.000108778,0.000777001
453,ENZYMES-g138,Cheminformatics,2.20E-07,3.86E-07,0.100349879,3.82E-06,0,0.002721617,0.131282167,6.33E-10,4.11E-06,6.17E-08,0.125287996,0.523148051,0.000163168,0.001554002
454,ENZYMES-g351,Cheminformatics,3.21E-07,4.56E-07,0.060812023,3.27E-06,0,0.002192846,0.131282167,2.84E-10,1.34E-06,3.52E-08,0.053884926,0.261073884,0.000163168,0.000777001
455,ENZYMES-g126,Cheminformatics,4.90E-07,5.15E-07,0.031693831,2.73E-06,0,0.001508554,0.131282167,1.19E-10,3.91E-07,1.76E-08,0.018183391,0.124035102,0.000163168,0.000777001
456,ENZYMES-g330,Cheminformatics,1.86E-07,2.69E-07,0.095566534,3.82E-06,0,0.002107309,0.115568352,1.65E-10,1.23E-06,5.29E-08,0.046788968,0.273077281,0.000163168,0.001554002
457,ENZYMES-g155,Cheminformatics,2.53E-07,3.51E-07,0.07215156,3.82E-06,0,0.002076205,0.124996641,2.11E-10,1.22E-06,4.85E-08,0.043906236,0.23706709,0.000163168,0.001554002
458,ENZYMES-g482,Cheminformatics,3.88E-07,4.80E-07,0.04529124,2.73E-06,0,0.0018507,0.132853549,2.29E-10,9.15E-07,3.52E-08,0.036145032,0.219061995,0.000163168,0.001554002
459,ENZYMES-g469,Cheminformatics,2.36E-07,3.16E-07,0.073790608,2.73E-06,0,0.001967341,0.131282167,4.13E-10,2.52E-06,3.52E-08,0.129057723,0.592167583,0.000163168,0.001554002
460,ENZYMES-g467,Cheminformatics,2.87E-07,4.44E-07,0.07218501,3.27E-06,0,0.002410575,0.137567693,4.04E-10,2.10E-06,4.40E-08,0.068298589,0.3310937,0.000163168,0.000777001
461,ENZYMES-g156,Cheminformatics,1.52E-07,2.22E-07,0.111505441,2.73E-06,0,0.002076205,0.128139404,1.65E-10,1.43E-06,3.52E-08,0.060315637,0.310087755,0.000163168,0.001554002
462,ENZYMES-g257,Cheminformatics,2.20E-07,3.04E-07,0.080831826,2.73E-06,0,0.002045101,0.132853549,4.13E-10,2.68E-06,4.40E-08,0.131718707,0.592167583,0.000163168,0.001554002
463,ENZYMES-g34,Cheminformatics,8.44E-08,1.29E-07,0.167249804,2.73E-06,0,0.001944012,0.121853878,1.93E-10,2.51E-06,3.52E-08,0.137705921,0.618174944,0.000163168,0.001554002
464,ENZYMES-g314,Cheminformatics,3.21E-07,4.09E-07,0.055025179,2.73E-06,0,0.001905132,0.13442493,2.38E-10,1.12E-06,2.64E-08,0.058763396,0.277078413,0.000163168,0.000777001
465,ENZYMES-g57,Cheminformatics,1.18E-07,1.75E-07,0.133799841,2.73E-06,0,0.002021773,0.115568352,2.48E-10,2.57E-06,3.52E-08,0.14790636,0.614173811,0.000163168,0.001554002
466,ENZYMES-g163,Cheminformatics,1.52E-07,2.22E-07,0.111505441,2.73E-06,0,0.002076205,0.12342526,2.66E-10,2.31E-06,4.40E-08,0.123292258,0.558157959,0.000163168,0.001554002
467,ENZYMES-g385,Cheminformatics,2.20E-07,3.04E-07,0.080831826,2.73E-06,0,0.002045101,0.124996641,2.02E-10,1.31E-06,3.52E-08,0.080938263,0.297084075,0.000163168,0.000777001
468,ENZYMES-g466,Cheminformatics,2.87E-07,4.09E-07,0.066899916,3.27E-06,0,0.002177294,0.135996312,2.38E-10,1.24E-06,3.52E-08,0.042797492,0.232065675,0.000163168,0.000777001
469,ENZYMES-g188,Cheminformatics,2.87E-07,4.21E-07,0.068656039,2.73E-06,0,0.002255054,0.139139075,5.14E-10,2.67E-06,6.17E-08,0.099343402,0.475134463,0.000163168,0.001554002
470,ENZYMES-g427,Cheminformatics,5.57E-07,7.13E-07,0.033985153,2.73E-06,0,0.001990669,0.135996312,1.05E-09,3.02E-06,4.40E-08,0.168307237,0.65918655,0.000163168,0.001554002
471,ENZYMES-g537,Cheminformatics,6.59E-07,1.01E-06,0.034570527,4.36E-06,0,0.00251944,0.13442493,8.90E-10,2.20E-06,1.01E-07,0.072955311,0.311088038,0.000163168,0.001554002
472,ENZYMES-g116,Cheminformatics,6.59E-07,8.30E-07,0.028750234,2.73E-06,0,0.001959565,0.135996312,9.91E-10,2.45E-06,5.29E-08,0.125731493,0.563159374,0.000163168,0.001554002
473,ENZYMES-g31,Cheminformatics,5.91E-07,9.12E-07,0.038534348,3.82E-06,0,0.002534992,0.137567693,1.16E-09,3.16E-06,6.17E-08,0.119300782,0.458129651,0.000163168,0.001554002
474,ENZYMES-g230,Cheminformatics,4.90E-07,7.60E-07,0.04585989,3.82E-06,0,0.002527216,0.135996312,9.63E-10,3.13E-06,6.17E-08,0.114422311,0.469132765,0.000163168,0.001554002
475,ENZYMES-g92,Cheminformatics,5.57E-07,8.65E-07,0.040875845,3.82E-06,0,0.002550544,0.132853549,1.08E-09,3.13E-06,5.29E-08,0.108656846,0.463131066,0.000163168,0.001554002
476,ENZYMES-g496,Cheminformatics,6.59E-07,8.54E-07,0.029519583,3.27E-06,0,0.002037325,0.135996312,9.54E-10,2.36E-06,5.29E-08,0.117305044,0.505142955,0.000163168,0.001554002
477,ENZYMES-g167,Cheminformatics,6.75E-07,1.06E-06,0.034821402,3.82E-06,0,0.002620529,0.135996312,1.39E-09,3.36E-06,7.05E-08,0.110209087,0.463131066,0.000163168,0.001554002
478,ENZYMES-g539,Cheminformatics,6.42E-07,1.04E-06,0.037530849,3.27E-06,0,0.002713841,0.135996312,1.41E-09,3.58E-06,5.29E-08,0.115309306,0.471133331,0.000163168,0.001554002
479,ENZYMES-g500,Cheminformatics,6.75E-07,1.11E-06,0.036309925,3.27E-06,0,0.002768274,0.139139075,1.46E-09,3.53E-06,6.17E-08,0.105995862,0.434122857,0.000217557,0.001554002
480,ENZYMES-g218,Cheminformatics,6.92E-07,1.10E-06,0.034302928,4.36E-06,0,0.002651633,0.135996312,1.09E-09,2.57E-06,7.05E-08,0.078942525,0.342096813,0.000163168,0.001554002
481,ENZYMES-g86,Cheminformatics,6.08E-07,7.72E-07,0.031141906,3.27E-06,0,0.001975117,0.13442493,9.17E-10,2.44E-06,5.29E-08,0.133714445,0.56816079,0.000163168,0.001554002
482,ENZYMES-g17,Cheminformatics,6.25E-07,1.08E-06,0.040742045,3.82E-06,0,0.002916019,0.137567693,1.38E-09,3.60E-06,5.29E-08,0.097791162,0.411116346,0.000163168,0.001554002
483,ENZYMES-g553,Cheminformatics,7.09E-07,9.24E-07,0.027713285,3.27E-06,0,0.002052877,0.137567693,1.24E-09,2.86E-06,6.17E-08,0.13460144,0.592167583,0.000163168,0.001554002
484,ENZYMES-g290,Cheminformatics,5.91E-07,8.30E-07,0.035206077,3.27E-06,0,0.002247278,0.135996312,1.19E-09,3.26E-06,5.73E-08,0.138371167,0.575162771,0.000163168,0.001554002
485,ENZYMES-g26,Cheminformatics,6.25E-07,9.59E-07,0.036443725,3.82E-06,0,0.002527216,0.137567693,1.33E-09,3.46E-06,7.05E-08,0.122627012,0.505142955,0.000163168,0.001554002
486,ENZYMES-g535,Cheminformatics,6.25E-07,9.47E-07,0.036025601,3.27E-06,0,0.002488336,0.137567693,1.29E-09,3.36E-06,6.17E-08,0.118192039,0.509144088,0.000163168,0.001554002
487,ENZYMES-g1,Cheminformatics,5.74E-07,9.47E-07,0.042197119,3.82E-06,0,0.002752722,0.137567693,1.37E-09,3.84E-06,5.73E-08,0.115974552,0.482136445,0.000217557,0.001554002
488,ENZYMES-g580,Cheminformatics,5.91E-07,8.42E-07,0.035691101,3.82E-06,0,0.002293935,0.13442493,1.02E-09,2.78E-06,8.81E-08,0.120853023,0.489138426,0.000163168,0.001554002
489,ENZYMES-g84,Cheminformatics,5.40E-07,8.30E-07,0.04159502,2.73E-06,0,0.002511664,0.13442493,1.03E-09,3.05E-06,5.29E-08,0.107769851,0.469132765,0.000163168,0.001554002
490,ENZYMES-g490,Cheminformatics,5.40E-07,7.49E-07,0.037664649,3.27E-06,0,0.002200622,0.132853549,9.17E-10,2.73E-06,6.17E-08,0.122405263,0.521147485,0.000163168,0.001554002
491,ENZYMES-g288,Cheminformatics,6.42E-07,8.89E-07,0.03222903,3.82E-06,0,0.002216174,0.135996312,1.27E-09,3.21E-06,7.93E-08,0.143693135,0.585165602,0.000163168,0.001554002
492,ENZYMES-g552,Cheminformatics,6.42E-07,9.71E-07,0.035089002,3.82E-06,0,0.002488336,0.137567693,1.31E-09,3.33E-06,7.93E-08,0.118635536,0.485137294,0.000163168,0.001554002
493,ENZYMES-g410,Cheminformatics,4.22E-07,6.90E-07,0.05485793,3.82E-06,0,0.002667185,0.131282167,9.91E-10,3.68E-06,6.61E-08,0.121518269,0.507143522,0.000163168,0.001554002